time,open,high,low,close,Shapes,Shapes,Shapes,Shapes,Shapes,Shapes,Shapes
1585774800,1.09608,1.09683,1.08207,1.08548,0,0,0,0,0,0,0
1585861200,1.08548,1.0865,1.0772599999999999,1.08063,0,0,0,0,0,0,0
1586120400,1.081,1.08356,1.07683,1.07919,0,0,0,0,0,0,0
1586206800,1.07919,1.09265,1.07837,1.08913,0,0,0,0,0,0,0
1586293200,1.08913,1.09021,1.08298,1.08565,0,0,0,0,0,0,0
1586379600,1.08565,1.09516,1.0841,1.09287,0,0,0,0,0,0,0
1586466000,1.09287,1.09527,1.09193,1.09318,0,0,0,0,0,0,0
1586725200,1.09494,1.09678,1.08925,1.09062,0,0,0,0,0,0,0
1586811600,1.09062,1.09871,1.0901399999999999,1.09798,0,0,0,0,0,0,0
1586898000,1.09798,1.09909,1.08568,1.09099,0,0,0,0,0,0,0
1586984400,1.09099,1.09112,1.08166,1.08373,0,0,0,0,0,0,0
1587070800,1.08373,1.08925,1.0812,1.08706,0,0,0,0,0,0,0
1587330000,1.0863099999999999,1.08969,1.0841,1.08602,0,0,0,0,0,0,0
1587416400,1.08602,1.08803,1.08165,1.08559,0,0,0,0,0,0,0
1587502800,1.08559,1.08852,1.08032,1.0823,0,0,0,0,0,0,0
1587589200,1.0823,1.08469,1.07559,1.07765,0,0,0,0,0,0,0
1587675600,1.07765,1.08296,1.0727,1.08216,0,0,0,0,0,0,0
1587934800,1.08216,1.08604,1.08112,1.08282,0,0,0,0,0,0,0
1588021200,1.08282,1.08885,1.08095,1.08188,0,0,0,0,0,0,0
1588107600,1.08188,1.08857,1.08171,1.0871,0,0,0,0,0,0,0
1588194000,1.0871,1.09728,1.08329,1.0952,0,0,0,0,0,0,0
1588280400,1.0952,1.10195,1.09345,1.09788,0,0,0,0,0,0,0
1588539600,1.09668,1.0974,1.08957,1.09044,0,0,0,0,0,0,0
1588626000,1.09044,1.0926,1.08259,1.08368,0,0,0,0,0,0,0
1588712400,1.08368,1.0847499999999999,1.0782,1.07925,0,0,0,0,0,0,0
1588798800,1.07925,1.0834,1.0766499999999999,1.08315,0,0,0,0,0,0,0
1588885200,1.08315,1.08758,1.08151,1.0835,0,0,0,0,0,0,0
1589144400,1.08268,1.08505,1.08,1.0806499999999999,0,0,0,0,0,0,0
1589230800,1.0806499999999999,1.08854,1.07843,1.08469,0,0,0,0,0,0,0
1589317200,1.08469,1.08965,1.08116,1.0818,0,0,0,0,0,0,0
1589403600,1.0818,1.0824,1.07748,1.08043,0,0,0,0,0,0,0
1589490000,1.08043,1.08516,1.07889,1.08171,0,0,0,0,0,0,0
1589749200,1.08073,1.0927,1.07997,1.09156,0,0,0,0,0,0,0
1589835600,1.09156,1.09761,1.09022,1.09222,0,0,0,0,0,0,0
1589922000,1.09222,1.09991,1.09187,1.09776,0,0,0,0,0,0,0
1590008400,1.09776,1.1008499999999999,1.09371,1.09483,0,0,0,0,0,0,0
1590094800,1.09483,1.09538,1.08853,1.08986,0,0,0,0,0,0,0
1590354000,1.0893599999999999,1.09145,1.08704,1.08951,0,0,0,0,0,0,0
1590440400,1.08951,1.09958,1.08911,1.09816,0,0,0,0,0,0,0
1590526800,1.09816,1.10309,1.09338,1.10029,0,0,0,0,0,0,0
1590613200,1.10029,1.10936,1.09917,1.10764,0,0,0,0,0,0,0
1590699600,1.10764,1.11452,1.10677,1.1101,0,0,0,0,0,0,0
1590958800,1.11151,1.11541,1.11005,1.11347,0,0,0,0,0,0,0
1591045200,1.11347,1.11962,1.11152,1.11692,0,0,0,0,0,0,0
1591131600,1.11692,1.12579,1.11666,1.12331,0,0,0,0,0,0,0
1591218000,1.12331,1.13626,1.11946,1.13378,0,0,0,0,0,0,0
1591304400,1.13378,1.13838,1.12781,1.12891,0,0,0,0,0,0,0
1591563600,1.1293,1.13198,1.12682,1.12939,0,0,0,0,0,0,0
1591650000,1.12939,1.1363699999999999,1.1241,1.13394,0,0,0,0,0,0,0
1591736400,1.13394,1.14225,1.13208,1.13722,0,0,0,0,0,0,0
1591822800,1.13722,1.1403699999999999,1.12887,1.1299,0,0,0,0,0,0,0
1591909200,1.1299,1.13406,1.12125,1.12548,0,0,0,0,0,0,0
1592168400,1.12333,1.13326,1.12265,1.1322699999999999,0,0,0,0,0,0,0
1592254800,1.1322699999999999,1.13534,1.12278,1.12629,0,0,0,0,0,0,0
1592341200,1.12629,1.12939,1.12071,1.1243,0,0,0,0,0,0,0
1592427600,1.1243,1.12614,1.11856,1.12057,0,0,0,0,0,0,0
1592514000,1.12057,1.12544,1.11683,1.11733,0,0,0,0,0,0,0
1592773200,1.11831,1.12699,1.11684,1.12601,0,0,0,0,0,0,0
1592859600,1.12601,1.13487,1.12331,1.13073,0,0,0,0,0,0,0
1592946000,1.13073,1.13258,1.12484,1.12502,0,0,0,0,0,0,0
1593032400,1.12502,1.12597,1.11904,1.12174,0,0,0,0,0,0,0
1593118800,1.12174,1.12394,1.11953,1.12162,0,0,0,0,0,0,0
1593378000,1.12157,1.12878,1.12157,1.12412,0,0,0,0,0,0,0
1593464400,1.12412,1.1262,1.11909,1.12331,0,0,0,0,0,0,0
1593550800,1.12331,1.12752,1.11852,1.12506,0,0,0,0,0,0,0
1593637200,1.12506,1.1302699999999999,1.12233,1.12391,0,0,0,0,0,0,0
1593723600,1.12391,1.12512,1.12192,1.12434,0,0,0,0,0,0,0
1593982800,1.12407,1.1345399999999999,1.12407,1.13091,0,0,0,0,0,0,0
1594069200,1.13091,1.13326,1.12587,1.12731,0,0,0,0,0,0,0
1594155600,1.12731,1.13519,1.12623,1.13295,0,0,0,0,0,0,0
1594242000,1.13295,1.13706,1.12802,1.12845,0,0,0,0,0,0,0
1594328400,1.12845,1.13247,1.1254899999999999,1.12972,0,0,0,0,0,0,0
1594587600,1.13026,1.13749,1.13009,1.13438,0,0,0,0,0,0,0
1594674000,1.13438,1.14088,1.13251,1.13995,0,0,0,0,0,0,0
1594760400,1.13995,1.1452,1.13909,1.1411499999999999,0,0,0,0,0,0,0
1594846800,1.1411499999999999,1.14418,1.13705,1.13835,0,0,0,0,0,0,0
1594933200,1.13835,1.1443699999999999,1.1373199999999999,1.14251,0,0,0,0,0,0,0
1595192400,1.14155,1.14677,1.14024,1.14472,0,0,0,0,0,0,0
1595278800,1.14472,1.15398,1.1423,1.15266,0,0,0,0,0,0,0
1595365200,1.15266,1.16016,1.15071,1.15696,0,0,0,0,0,0,0
1595451600,1.15696,1.16268,1.15403,1.15959,0,0,0,0,0,0,0
1595538000,1.15959,1.16581,1.15812,1.16541,0,0,0,0,0,0,0
1595797200,1.16425,1.17814,1.16415,1.17512,0,0,0,0,0,0,0
1595883600,1.17512,1.17737,1.16987,1.17152,0,0,0,0,0,0,0
1595970000,1.17152,1.1806699999999999,1.17109,1.17914,0,0,0,0,0,0,0
1596056400,1.17914,1.18483,1.17311,1.18469,0,0,0,0,0,0,0
1596142800,1.18469,1.1909,1.1762,1.17754,0,0,0,0,0,0,0
1596402000,1.17717,1.17968,1.16957,1.1762,0,0,0,0,0,0,0
1596488400,1.1762,1.18063,1.17214,1.18023,0,0,0,0,0,0,0
1596574800,1.18023,1.19049,1.1792799999999999,1.18629,0,0,0,0,0,0,0
1596661200,1.18629,1.19162,1.1818,1.18763,0,0,0,0,0,0,0
1596747600,1.18763,1.18831,1.17555,1.17832,0,0,0,0,0,0,0
1597006800,1.17877,1.18007,1.17359,1.17376,0,0,0,0,0,0,0
1597093200,1.17376,1.1808,1.1722,1.17397,0,0,0,0,0,0,0
1597179600,1.17397,1.1817199999999999,1.17111,1.17837,0,0,0,0,0,0,0
1597266000,1.17837,1.18642,1.17778,1.18131,0,0,0,0,0,0,0
1597352400,1.18131,1.18504,1.17817,1.18405,0,0,0,0,0,0,0
1597611600,1.18387,1.18811,1.18287,1.18698,0,0,0,0,0,0,0
1597698000,1.18698,1.19656,1.1864,1.19313,0,0,0,0,0,0,0
1597784400,1.19313,1.19527,1.18302,1.18366,0,0,0,0,0,0,0
1597870800,1.18366,1.18687,1.18022,1.18605,0,0,0,0,0,0,0
1597957200,1.18605,1.18829,1.1754,1.17939,0,0,0,0,0,0,0
1598216400,1.17894,1.18496,1.17842,1.17874,0,0,0,0,0,0,0
1598302800,1.17874,1.18439,1.17842,1.18344,0,0,0,0,0,0,0
1598389200,1.18344,1.18394,1.17725,1.18298,0,0,0,0,0,0,0
1598475600,1.18298,1.1902,1.17621,1.18212,0,0,0,0,0,0,0
1598562000,1.18212,1.19197,1.1811,1.19029,0,0,0,0,0,0,0
1598821200,1.18991,1.19661,1.18839,1.19361,0,0,0,0,0,0,0
1598907600,1.19361,1.20114,1.19012,1.19113,0,0,0,0,0,0,0
1598994000,1.19113,1.19288,1.18223,1.18547,0,0,0,0,0,0,0
1599080400,1.18547,1.18646,1.1789,1.18514,0,0,0,0,0,0,0
1599166800,1.18514,1.18653,1.17808,1.18356,0,0,0,0,0,0,0
1599426000,1.18455,1.18487,1.1811099999999999,1.18119,0,0,0,0,0,0,0
1599512400,1.18119,1.18276,1.17654,1.17741,0,0,0,0,0,0,0
1599598800,1.17741,1.18342,1.17527,1.18027,0,0,0,0,0,0,0
1599685200,1.18027,1.19177,1.17984,1.18146,0,0,0,0,0,0,0
1599771600,1.18146,1.18742,1.181,1.18436,0,0,0,0,0,0,0
1600030800,1.18335,1.1888,1.18319,1.18632,0,0,0,0,0,0,0
1600117200,1.18632,1.19005,1.18395,1.18461,0,0,0,0,0,0,0
1600203600,1.18461,1.18827,1.17878,1.1815499999999999,0,0,0,0,0,0,0
1600290000,1.1815499999999999,1.18524,1.17372,1.1848,0,0,0,0,0,0,0
1600376400,1.1848,1.18705,1.18261,1.18374,0,0,0,0,0,0,0
1600635600,1.18405,1.18719,1.17316,1.17706,0,0,0,0,0,0,0
1600722000,1.17706,1.17737,1.16916,1.17077,0,0,0,0,0,0,0
1600808400,1.17077,1.1719,1.16512,1.16594,0,0,0,0,0,0,0
1600894800,1.16594,1.16869,1.16265,1.16677,0,0,0,0,0,0,0
1600981200,1.16677,1.16851,1.16121,1.16279,0,0,0,0,0,0,0
1601240400,1.16229,1.168,1.16151,1.16639,0,0,0,0,0,0,0
1601326800,1.16639,1.17455,1.16608,1.17425,0,0,0,0,0,0,0
1601413200,1.17425,1.1755,1.16843,1.17191,0,0,0,0,0,0,0
1601499600,1.17191,1.17696,1.17167,1.17442,0,0,0,0,0,0,0
1601586000,1.17442,1.17487,1.16958,1.17138,0,0,0,0,0,0,0
1601845200,1.17115,1.17976,1.1706,1.1781,0,0,0,0,0,0,0
1601931600,1.1781,1.18078,1.17318,1.17334,0,0,0,0,0,0,0
1602018000,1.17334,1.1782,1.1725,1.17602,0,0,0,0,0,0,0
1602104400,1.17602,1.17818,1.17329,1.17578,0,0,0,0,0,0,0
1602190800,1.17578,1.18309,1.17525,1.18291,0,0,0,0,0,0,0
1602450000,1.18086,1.18268,1.17868,1.18104,0,0,0,0,0,0,0
1602536400,1.18104,1.18158,1.17305,1.17433,0,0,0,0,0,0,0
1602622800,1.17433,1.1771,1.17198,1.17449,0,0,0,0,0,0,0
1602709200,1.17449,1.17578,1.16886,1.17073,0,0,0,0,0,0,0
1602795600,1.17073,1.17462,1.16939,1.17133,0,0,0,0,0,0,0
1603054800,1.17167,1.17939,1.17032,1.17693,0,0,0,0,0,0,0
1603141200,1.17693,1.18408,1.176,1.18213,0,0,0,0,0,0,0
1603227600,1.18213,1.18808,1.18203,1.18565,0,0,0,0,0,0,0
1603314000,1.18565,1.18669,1.18113,1.18177,0,0,0,0,0,0,0
1603400400,1.18177,1.18648,1.17868,1.18573,0,0,0,0,0,0,0
1603659600,1.18516,1.18597,1.1803299999999999,1.18085,0,0,0,0,0,0,0
1603746000,1.18085,1.1838899999999999,1.17924,1.17947,0,0,0,0,0,0,0
1603832400,1.17947,1.17973,1.17178,1.17462,0,0,0,0,0,0,0
1603918800,1.17462,1.17588,1.16502,1.16729,0,0,0,0,0,0,0
1604005200,1.16729,1.17043,1.164,1.1645,0,0,0,0,0,0,0
1604268000,1.1647,1.16558,1.16222,1.1641,0,0,0,0,0,0,0
1604354400,1.1641,1.174,1.16309,1.17112,0,0,0,0,0,0,0
1604440800,1.17112,1.1771,1.16025,1.17211,0,0,0,0,0,0,0
1604527200,1.17211,1.18598,1.17108,1.18211,0,0,0,0,0,0,0
1604613600,1.18211,1.18909,1.17953,1.18731,0,0,0,0,0,0,0
1604872800,1.18898,1.19201,1.17953,1.18126,0,0,0,0,0,0,0
1604959200,1.18126,1.1843299999999999,1.17797,1.1813,0,0,0,0,0,0,0
1605045600,1.1813,1.18327,1.17454,1.17771,0,0,0,0,0,0,0
1605132000,1.17771,1.18232,1.17586,1.18029,0,0,0,0,0,0,0
1605218400,1.18029,1.18375,1.17995,1.18347,0,0,0,0,0,0,0
1605477600,1.18407,1.18691,1.18141,1.18498,0,0,0,0,0,0,0
1605564000,1.18498,1.1893799999999999,1.18426,1.18615,0,0,0,0,0,0,0
1605650400,1.18615,1.18911,1.18492,1.18522,0,0,0,0,0,0,0
1605736800,1.18522,1.18827,1.18161,1.18727,0,0,0,0,0,0,0
1605823200,1.18727,1.18909,1.18497,1.1855499999999999,0,0,0,0,0,0,0
1606082400,1.18505,1.19061,1.18,1.18393,0,0,0,0,0,0,0
1606168800,1.18393,1.18963,1.18333,1.18898,0,0,0,0,0,0,0
1606255200,1.18898,1.19297,1.18819,1.19118,0,0,0,0,0,0,0
1606341600,1.19118,1.1941,1.18853,1.19123,0,0,0,0,0,0,0
1606428000,1.19123,1.19639,1.19067,1.19624,0,0,0,0,0,0,0
1606687200,1.19605,1.20033,1.19227,1.19232,0,0,0,0,0,0,0
1606773600,1.19232,1.20767,1.19231,1.20674,0,0,0,0,0,0,0
1606860000,1.20674,1.21185,1.20401,1.21134,0,0,0,0,0,0,0
1606946400,1.21134,1.21746,1.21011,1.21393,0,0,0,0,0,0,0
1607032800,1.21393,1.21776,1.21104,1.21212,0,0,0,0,0,0,0
1607292000,1.213,1.21664,1.20785,1.2106,0,0,0,0,0,0,0
1607378400,1.2106,1.21341,1.20953,1.21012,0,0,0,0,0,0,0
1607464800,1.21012,1.21474,1.20586,1.20783,0,0,0,0,0,0,0
1607551200,1.20783,1.2159,1.20734,1.21339,0,0,0,0,0,0,0
1607637600,1.21339,1.2163,1.21054,1.2109699999999999,0,0,0,0,0,0,0
1607896800,1.2135,1.21768,1.21157,1.21431,0,0,0,0,0,0,0
1607983200,1.21431,1.21689,1.21216,1.21501,0,0,0,0,0,0,0
1608069600,1.21501,1.22123,1.21251,1.21965,0,0,0,0,0,0,0
1608156000,1.21965,1.22728,1.219,1.22659,0,0,0,0,0,0,0
1608242400,1.22659,1.22717,1.22255,1.2252399999999999,0,0,0,0,0,0,0
1608501600,1.22209,1.22531,1.21294,1.22408,0,0,0,0,0,0,0
1608588000,1.22408,1.22572,1.21523,1.2161,0,0,0,0,0,0,0
1608674400,1.2161,1.2221,1.2154,1.21831,0,0,0,0,0,0,0
1608760800,1.21831,1.22157,1.21764,1.21794,0,0,0,0,0,0,0
1609106400,1.21794,1.22504,1.21794,1.22137,0,0,0,0,0,0,0
1609192800,1.22137,1.22753,1.22062,1.22464,0,0,0,0,0,0,0
1609279200,1.22464,1.23101,1.22449,1.22927,0,0,0,0,0,0,0
1609365600,1.22927,1.23093,1.22149,1.22157,0,0,0,0,0,0,0
1609711200,1.2239,1.23099,1.22279,1.22433,0,0,0,0,0,0,0
1609797600,1.22433,1.23057,1.22411,1.22925,0,0,0,0,0,0,0
1609884000,1.22925,1.23495,1.22655,1.23237,0,0,0,0,0,0,0
1609970400,1.23237,1.23445,1.22451,1.22697,0,0,0,0,0,0,0
1610056800,1.22697,1.22848,1.2193,1.22189,0,0,0,0,0,0,0
1610316000,1.22175,1.22251,1.21321,1.2149699999999999,0,0,0,0,0,0,0
1610402400,1.2149699999999999,1.2209699999999999,1.21371,1.22058,0,0,0,0,0,0,0
1610488800,1.22058,1.22229,1.21395,1.21568,0,0,0,0,0,0,0
1610575200,1.21568,1.2179,1.2111,1.21515,0,0,0,0,0,0,0
1610661600,1.21515,1.21625,1.20743,1.20747,0,0,0,0,0,0,0
1610920800,1.20826,1.20869,1.20535,1.20746,0,0,0,0,0,0,0
1611007200,1.20746,1.21449,1.2074,1.21285,0,0,0,0,0,0,0
1611093600,1.21285,1.21582,1.20767,1.21044,0,0,0,0,0,0,0
1611180000,1.21044,1.21732,1.21011,1.21615,0,0,0,0,0,0,0
1611266400,1.21615,1.21896,1.21516,1.21704,0,0,0,0,0,0,0
1611525600,1.21679,1.21833,1.2116,1.21368,0,0,0,0,0,0,0
1611612000,1.21368,1.2176,1.21078,1.21596,0,0,0,0,0,0,0
1611698400,1.21596,1.21699,1.20585,1.21078,0,0,0,0,0,0,0
1611784800,1.21078,1.21424,1.20808,1.21204,0,0,0,0,0,0,0
1611871200,1.21204,1.21561,1.20943,1.21327,0,0,0,0,0,0,0
1612130400,1.2127999999999999,1.21365,1.2056,1.20594,0,0,0,0,0,0,0
1612216800,1.20594,1.20878,1.20114,1.20433,0,0,0,0,0,0,0
1612303200,1.20433,1.20502,1.2004,1.2034799999999999,0,0,0,0,0,0,0
1612389600,1.2034799999999999,1.20428,1.19573,1.19614,0,0,0,0,0,0,0
1612476000,1.19614,1.205,1.1952099999999999,1.2049,0,0,0,0,0,0,0
1612735200,1.20364,1.2066,1.20198,1.20449,0,0,0,0,0,0,0
1612821600,1.20449,1.2122,1.20438,1.21169,0,0,0,0,0,0,0
1612908000,1.21169,1.21441,1.21088,1.21174,0,0,0,0,0,0,0
1612994400,1.21174,1.21495,1.21135,1.21281,0,0,0,0,0,0,0
1613080800,1.21281,1.2135,1.20815,1.21188,0,0,0,0,0,0,0
1613340000,1.21245,1.21452,1.21167,1.21275,0,0,0,0,0,0,0
1613426400,1.21275,1.21695,1.20952,1.21058,0,0,0,0,0,0,0
1613512800,1.21058,1.2106,1.2023,1.20343,0,0,0,0,0,0,0
1613599200,1.20343,1.20946,1.20343,1.20891,0,0,0,0,0,0,0
1613685600,1.20891,1.21445,1.20823,1.21142,0,0,0,0,0,0,0
1613944800,1.21129,1.21693,1.20911,1.21535,0,0,0,0,0,0,0
1614031200,1.21535,1.21801,1.21353,1.21496,0,0,0,0,0,0,0
1614117600,1.21496,1.21747,1.21092,1.21616,0,0,0,0,0,0,0
1614204000,1.21616,1.22432,1.21559,1.2167999999999999,0,0,0,0,0,0,0
1614290400,1.2167999999999999,1.2183,1.20622,1.20699,0,0,0,0,0,0,0
1614549600,1.20701,1.21012,1.20275,1.20484,0,0,0,0,0,0,0
1614636000,1.20484,1.20944,1.19918,1.209,0,0,0,0,0,0,0
1614722400,1.209,1.21133,1.20428,1.20619,0,0,0,0,0,0,0
1614808800,1.20619,1.20663,1.19615,1.19636,0,0,0,0,0,0,0
1614895200,1.19636,1.19771,1.18931,1.19076,0,0,0,0,0,0,0
1615154400,1.19176,1.19324,1.18441,1.18461,0,0,0,0,0,0,0
1615240800,1.18461,1.19158,1.1835499999999999,1.18997,0,0,0,0,0,0,0
1615327200,1.18997,1.19298,1.18688,1.19287,0,0,0,0,0,0,0
1615413600,1.19287,1.19899,1.19154,1.19838,0,0,0,0,0,0,0
1615500000,1.19838,1.19885,1.19099,1.19499,0,0,0,0,0,0,0
1615755600,1.1944299999999999,1.19675,1.1911,1.1924299999999999,0,0,0,0,0,0,0
1615842000,1.1924299999999999,1.19518,1.18821,1.19014,0,0,0,0,0,0,0
1615928400,1.19014,1.1985999999999999,1.18861,1.19777,0,0,0,0,0,0,0
1616014800,1.19777,1.19888,1.19062,1.19142,0,0,0,0,0,0,0
1616101200,1.19142,1.19372,1.1873799999999999,1.19011,0,0,0,0,0,0,0
1616360400,1.18709,1.19469,1.18708,1.19315,0,0,0,0,0,0,0
1616446800,1.19315,1.19408,1.18421,1.18486,0,0,0,0,0,0,0
1616533200,1.18486,1.18532,1.18097,1.18121,0,0,0,0,0,0,0
1616619600,1.18121,1.18278,1.17617,1.17634,0,0,0,0,0,0,0
1616706000,1.17634,1.18051,1.17622,1.1793,0,0,0,0,0,0,0
1616965200,1.17894,1.17939,1.1760599999999999,1.1764,0,0,0,0,0,0,0
1617051600,1.1764,1.17765,1.17112,1.17146,0,0,0,0,0,0,0
1617138000,1.17146,1.17601,1.17041,1.17299,0,0,0,0,0,0,0
1617224400,1.17299,1.178,1.17127,1.17757,0,0,0,0,0,0,0
1617310800,1.17757,1.1786699999999999,1.17491,1.1760599999999999,0,0,0,0,0,0,0
1617570000,1.17549,1.18195,1.17374,1.18103,0,0,0,0,0,0,0
1617656400,1.18103,1.18776,1.1795,1.18739,0,0,0,0,0,0,0
1617742800,1.18739,1.19148,1.18607,1.18621,0,0,0,0,0,0,0
1617829200,1.18621,1.19275,1.18608,1.19126,0,0,0,0,0,0,0
1617915600,1.19126,1.19201,1.18671,1.18976,0,0,0,0,0,0,0
1618174800,1.18893,1.19192,1.18713,1.19103,0,0,0,0,0,0,0
1618261200,1.19103,1.19559,1.18766,1.19473,0,0,0,0,0,0,0
1618347600,1.19473,1.19874,1.19429,1.19775,0,0,0,0,0,0,0
1618434000,1.19775,1.19932,1.19561,1.19645,0,0,0,0,0,0,0
1618520400,1.19645,1.1994799999999999,1.1950399999999999,1.19817,0,0,0,0,0,0,0
1618779600,1.1972099999999999,1.2048,1.19425,1.20363,0,0,0,0,0,0,0
1618866000,1.20363,1.20798,1.20225,1.20343,0,0,0,0,0,0,0
1618952400,1.20343,1.20437,1.19983,1.20343,0,0,0,0,0,0,0
1619038800,1.20343,1.20697,1.19937,1.20145,0,0,0,0,0,0,0
1619125200,1.20145,1.21001,1.20128,1.20968,0,0,0,0,0,0,0
1619384400,1.2091399999999999,1.21169,1.2061,1.20852,0,0,0,0,0,0,0
1619470800,1.20852,1.20928,1.20566,1.20896,0,0,0,0,0,0,0
1619557200,1.20896,1.21348,1.20562,1.21248,0,0,0,0,0,0,0
1619643600,1.21248,1.215,1.21021,1.21181,0,0,0,0,0,0,0
1619730000,1.21181,1.21266,1.20161,1.20161,0,0,0,0,0,0,0
1619989200,1.20319,1.20762,1.20131,1.20632,0,0,0,0,0,0,0
1620075600,1.20632,1.20637,1.19989,1.20125,0,0,0,0,0,0,0
1620162000,1.20125,1.20267,1.19859,1.20042,0,0,0,0,0,0,0
1620248400,1.20042,1.20717,1.19931,1.20647,0,0,0,0,0,0,0
1620334800,1.20647,1.2171399999999999,1.20527,1.21629,0,0,0,0,0,0,0
1620594000,1.21629,1.21782,1.21275,1.21287,0,0,0,0,0,0,0
1620680400,1.21287,1.21817,1.21231,1.21454,0,0,0,0,0,0,0
1620766800,1.21454,1.21522,1.20656,1.20678,0,0,0,0,0,0,0
1620853200,1.20678,1.21061,1.20513,1.20781,0,0,0,0,0,0,0
1620939600,1.20781,1.21477,1.20707,1.21448,0,0,0,0,0,0,0
1621198800,1.21435,1.21688,1.21261,1.21481,0,0,0,0,0,0,0
1621285200,1.21481,1.2234099999999999,1.21481,1.22217,0,0,0,0,0,0,0
1621371600,1.22217,1.22454,1.21597,1.2169699999999999,0,0,0,0,0,0,0
1621458000,1.2169699999999999,1.22293,1.21686,1.22269,0,0,0,0,0,0,0
1621544400,1.22269,1.22399,1.21607,1.21807,0,0,0,0,0,0,0
1621803600,1.21745,1.223,1.21718,1.22137,0,0,0,0,0,0,0
1621890000,1.22137,1.22664,1.22107,1.22484,0,0,0,0,0,0,0
1621976400,1.22484,1.2262899999999999,1.2181899999999999,1.21921,0,0,0,0,0,0,0
1622062800,1.21921,1.22151,1.21752,1.21937,0,0,0,0,0,0,0
1622149200,1.21937,1.22048,1.21326,1.21915,0,0,0,0,0,0,0
1622408400,1.21994,1.22313,1.21833,1.22237,0,0,0,0,0,0,0
1622494800,1.22237,1.22544,1.22107,1.22128,0,0,0,0,0,0,0
1622581200,1.22128,1.22265,1.2164,1.2209,0,0,0,0,0,0,0
1622667600,1.2209,1.22142,1.21181,1.21265,0,0,0,0,0,0,0
1622754000,1.21265,1.21858,1.21039,1.21664,0,0,0,0,0,0,0
1623013200,1.21605,1.22018,1.21449,1.21893,0,0,0,0,0,0,0
1623099600,1.21893,1.21942,1.21642,1.21729,0,0,0,0,0,0,0
1623186000,1.21729,1.2218,1.21711,1.21779,0,0,0,0,0,0,0
1623272400,1.21779,1.21947,1.21432,1.21672,0,0,0,0,0,0,0
1623358800,1.21672,1.2193,1.20926,1.2108,0,0,0,0,0,0,0
1623618000,1.2108,1.21305,1.20941,1.21189,0,0,0,0,0,0,0
1623704400,1.21189,1.21473,1.21012,1.21259,0,0,0,0,0,0,0
1623790800,1.21259,1.21348,1.19924,1.19945,0,0,0,0,0,0,0
1623877200,1.19945,1.20064,1.18916,1.19052,0,0,0,0,0,0,0
1623963600,1.19052,1.19249,1.18471,1.18624,0,0,0,0,0,0,0
1624222800,1.18559,1.19214,1.18476,1.19164,0,0,0,0,0,0,0
1624309200,1.19164,1.19527,1.1881,1.19368,0,0,0,0,0,0,0
1624395600,1.19368,1.19701,1.19114,1.19257,0,0,0,0,0,0,0
1624482000,1.19257,1.19563,1.19177,1.19313,0,0,0,0,0,0,0
1624568400,1.19313,1.19753,1.19263,1.19351,0,0,0,0,0,0,0
1624827600,1.19324,1.19445,1.19023,1.19218,0,0,0,0,0,0,0
1624914000,1.19218,1.19297,1.18776,1.18949,0,0,0,0,0,0,0
1625000400,1.18949,1.1909,1.1844999999999999,1.18561,0,0,0,0,0,0,0
1625086800,1.18561,1.18842,1.18373,1.18483,0,0,0,0,0,0,0
1625173200,1.18483,1.18742,1.1807,1.1864,0,0,0,0,0,0,0
1625432400,1.18658,1.18805,1.18513,1.18593,0,0,0,0,0,0,0
1625518800,1.18593,1.18952,1.1806699999999999,1.18234,0,0,0,0,0,0,0
1625605200,1.18234,1.18364,1.17813,1.179,0,0,0,0,0,0,0
1625691600,1.179,1.18678,1.17834,1.1842,0,0,0,0,0,0,0
1625778000,1.1842,1.18812,1.1824999999999999,1.1877,0,0,0,0,0,0,0
1626037200,1.18698,1.18802,1.18361,1.18592,0,0,0,0,0,0,0
1626123600,1.18592,1.18751,1.17721,1.1776,0,0,0,0,0,0,0
1626210000,1.1776,1.18388,1.17719,1.18346,0,0,0,0,0,0,0
1626296400,1.18346,1.18507,1.17961,1.18106,0,0,0,0,0,0,0
1626382800,1.18106,1.18224,1.17922,1.18011,0,0,0,0,0,0,0
1626642000,1.18071,1.18245,1.17636,1.17969,0,0,0,0,0,0,0
1626728400,1.17969,1.18024,1.17556,1.17765,0,0,0,0,0,0,0
1626814800,1.17765,1.18048,1.17517,1.17903,0,0,0,0,0,0,0
1626901200,1.17903,1.18305,1.17573,1.17704,0,0,0,0,0,0,0
1626987600,1.17704,1.17864,1.17544,1.17671,0,0,0,0,0,0,0
1627246800,1.17715,1.18173,1.17634,1.18021,0,0,0,0,0,0,0
1627333200,1.18021,1.18412,1.177,1.18163,0,0,0,0,0,0,0
1627419600,1.18163,1.18496,1.1772,1.18427,0,0,0,0,0,0,0
1627506000,1.18427,1.18928,1.18388,1.18847,0,0,0,0,0,0,0
1627592400,1.18847,1.19087,1.18515,1.18673,0,0,0,0,0,0,0
1627851600,1.18673,1.1897,1.1859,1.18665,0,0,0,0,0,0,0
1627938000,1.18665,1.18934,1.18535,1.1863299999999999,0,0,0,0,0,0,0
1628024400,1.1863299999999999,1.18997,1.18326,1.18366,0,0,0,0,0,0,0
1628110800,1.18366,1.18573,1.18282,1.1832,0,0,0,0,0,0,0
1628197200,1.1832,1.18354,1.17542,1.17587,0,0,0,0,0,0,0
1628456400,1.17587,1.1769,1.17321,1.1736,0,0,0,0,0,0,0
1628542800,1.1736,1.17428,1.17095,1.17174,0,0,0,0,0,0,0
1628629200,1.17174,1.1754,1.17059,1.17364,0,0,0,0,0,0,0
1628715600,1.17364,1.17483,1.17236,1.17295,0,0,0,0,0,0,0
1628802000,1.17295,1.18048,1.17285,1.17949,0,0,0,0,0,0,0
1629061200,1.17943,1.1801,1.17674,1.17765,0,0,0,0,0,0,0
1629147600,1.17765,1.17848,1.17054,1.17083,0,0,0,0,0,0,0
1629234000,1.17083,1.17428,1.16936,1.17088,0,0,0,0,0,0,0
1629320400,1.17088,1.17166,1.16658,1.16743,0,0,0,0,0,0,0
1629406800,1.16743,1.17045,1.16639,1.16995,0,0,0,0,0,0,0
1629666000,1.16995,1.17503,1.1691,1.17434,0,0,0,0,0,0,0
1629752400,1.17434,1.17652,1.17271,1.17539,0,0,0,0,0,0,0
1629838800,1.17539,1.1774499999999999,1.1726,1.17705,0,0,0,0,0,0,0
1629925200,1.17705,1.1779,1.17459,1.17515,0,0,0,0,0,0,0
1630011600,1.17515,1.18023,1.1735,1.17958,0,0,0,0,0,0,0
1630270800,1.17936,1.18099,1.17827,1.17964,0,0,0,0,0,0,0
1630357200,1.17964,1.18451,1.17936,1.18081,0,0,0,0,0,0,0
1630443600,1.18081,1.18573,1.17936,1.1839,0,0,0,0,0,0,0
1630530000,1.1839,1.18761,1.18343,1.18747,0,0,0,0,0,0,0
1630616400,1.18747,1.1909,1.18657,1.18782,0,0,0,0,0,0,0
1630875600,1.18763,1.18864,1.18558,1.18684,0,0,0,0,0,0,0
1630962000,1.18684,1.18854,1.18374,1.18384,0,0,0,0,0,0,0
1631048400,1.18384,1.18512,1.1802,1.18129,0,0,0,0,0,0,0
1631134800,1.18129,1.18414,1.18051,1.18239,0,0,0,0,0,0,0
1631221200,1.18239,1.18512,1.18084,1.18084,0,0,0,0,0,0,0
1631480400,1.18119,1.18171,1.17701,1.18102,0,0,0,0,0,0,0
1631566800,1.18102,1.18458,1.18001,1.18023,0,0,0,0,0,0,0
1631653200,1.18023,1.18319,1.17991,1.18157,0,0,0,0,0,0,0
1631739600,1.18157,1.18207,1.17505,1.17655,0,0,0,0,0,0,0
1631826000,1.17655,1.17889,1.17245,1.17249,0,0,0,0,0,0,0
1632085200,1.173,1.17365,1.17002,1.17246,0,0,0,0,0,0,0
1632171600,1.17246,1.17487,1.17147,1.1722,0,0,0,0,0,0,0
1632258000,1.1722,1.17557,1.16843,1.16873,0,0,0,0,0,0,0
1632344400,1.16873,1.17502,1.16835,1.17385,0,0,0,0,0,0,0
1632430800,1.17385,1.17476,1.17007,1.17204,0,0,0,0,0,0,0
1632690000,1.1726,1.17264,1.16844,1.16955,0,0,0,0,0,0,0
1632776400,1.16955,1.17033,1.16681,1.16833,0,0,0,0,0,0,0
1632862800,1.16833,1.16902,1.15895,1.15968,0,0,0,0,0,0,0
1632949200,1.15968,1.16098,1.15625,1.15755,0,0,0,0,0,0,0
1633035600,1.15755,1.1607399999999999,1.15629,1.15928,0,0,0,0,0,0,0
1633294800,1.15928,1.16403,1.15877,1.16185,0,0,0,0,0,0,0
1633381200,1.16185,1.1622,1.15806,1.1596899999999999,0,0,0,0,0,0,0
1633467600,1.1596899999999999,1.16006,1.1529099999999999,1.15534,0,0,0,0,0,0,0
1633554000,1.15534,1.15721,1.15473,1.155,0,0,0,0,0,0,0
1633640400,1.155,1.15861,1.1541299999999999,1.1571,0,0,0,0,0,0,0
1633899600,1.1569099999999999,1.15868,1.1549,1.15494,0,0,0,0,0,0,0
1633986000,1.15494,1.15703,1.15245,1.15298,0,0,0,0,0,0,0
1634072400,1.15298,1.15974,1.15251,1.15907,0,0,0,0,0,0,0
1634158800,1.15907,1.16244,1.15839,1.15965,0,0,0,0,0,0,0
1634245200,1.15965,1.16187,1.15881,1.15949,0,0,0,0,0,0,0
1634504400,1.15912,1.16224,1.15718,1.16095,0,0,0,0,0,0,0
1634590800,1.16095,1.16694,1.16084,1.1632,0,0,0,0,0,0,0
1634677200,1.1632,1.16587,1.16169,1.16478,0,0,0,0,0,0,0
1634763600,1.16478,1.1667399999999999,1.1619599999999999,1.16225,0,0,0,0,0,0,0
1634850000,1.16225,1.16558,1.16204,1.16447,0,0,0,0,0,0,0
1635109200,1.1638,1.16652,1.15906,1.16065,0,0,0,0,0,0,0
1635195600,1.16065,1.16258,1.15848,1.15958,0,0,0,0,0,0,0
1635282000,1.15958,1.16263,1.15848,1.16026,0,0,0,0,0,0,0
1635368400,1.16026,1.16921,1.15822,1.1677899999999999,0,0,0,0,0,0,0
1635454800,1.1677899999999999,1.16902,1.1535199999999999,1.15611,0,0,0,0,0,0,0
1635714000,1.15573,1.16092,1.1546,1.1606,0,0,0,0,0,0,0
1635800400,1.1606,1.1613499999999999,1.15753,1.1579,0,0,0,0,0,0,0
1635886800,1.1579,1.16163,1.15623,1.16114,0,0,0,0,0,0,0
1635973200,1.16114,1.16164,1.15284,1.15543,0,0,0,0,0,0,0
1636059600,1.15543,1.15731,1.15133,1.15677,0,0,0,0,0,0,0
1636322400,1.15565,1.1595,1.15505,1.15852,0,0,0,0,0,0,0
1636408800,1.15852,1.1609,1.15696,1.15927,0,0,0,0,0,0,0
1636495200,1.15927,1.15953,1.1475899999999999,1.14783,0,0,0,0,0,0,0
1636581600,1.14783,1.14877,1.1443,1.14496,0,0,0,0,0,0,0
1636668000,1.14496,1.14622,1.14329,1.14433,0,0,0,0,0,0,0
1636927200,1.14469,1.1464,1.13563,1.13674,0,0,0,0,0,0,0
1637013600,1.13674,1.13857,1.13089,1.132,0,0,0,0,0,0,0
1637100000,1.132,1.13322,1.12634,1.1319299999999999,0,0,0,0,0,0,0
1637186400,1.1319299999999999,1.13741,1.13139,1.13719,0,0,0,0,0,0,0
1637272800,1.13719,1.13727,1.12501,1.12809,0,0,0,0,0,0,0
1637532000,1.12863,1.1290499999999999,1.12306,1.12347,0,0,0,0,0,0,0
1637618400,1.12347,1.1275,1.1226,1.12477,0,0,0,0,0,0,0
1637704800,1.12477,1.12554,1.1186099999999999,1.11972,0,0,0,0,0,0,0
1637791200,1.11972,1.12297,1.11935,1.1206,0,0,0,0,0,0,0
1637877600,1.1206,1.1332,1.12048,1.13063,0,0,0,0,0,0,0
1638136800,1.12981,1.13115,1.12584,1.12906,0,0,0,0,0,0,0
1638223200,1.12906,1.13828,1.1235,1.13377,0,0,0,0,0,0,0
1638309600,1.13377,1.13598,1.13025,1.13191,0,0,0,0,0,0,0
1638396000,1.13191,1.13477,1.12953,1.1300999999999999,0,0,0,0,0,0,0
1638482400,1.1300999999999999,1.13335,1.12667,1.13062,0,0,0,0,0,0,0
1638741600,1.1302,1.13151,1.12665,1.12838,0,0,0,0,0,0,0
1638828000,1.12838,1.12985,1.12275,1.12672,0,0,0,0,0,0,0
1638914400,1.12672,1.13548,1.12622,1.13419,0,0,0,0,0,0,0
1639000800,1.13419,1.13453,1.12784,1.12927,0,0,0,0,0,0,0
1639087200,1.12927,1.1324,1.12649,1.13159,0,0,0,0,0,0,0
1639346400,1.13098,1.1319299999999999,1.12601,1.1282699999999999,0,0,0,0,0,0,0
1639432800,1.1282699999999999,1.13238,1.12537,1.12585,0,0,0,0,0,0,0
1639519200,1.12585,1.1299299999999999,1.12216,1.12868,0,0,0,0,0,0,0
1639605600,1.12868,1.13605,1.12812,1.13298,0,0,0,0,0,0,0
1639692000,1.13298,1.13489,1.1235,1.12361,0,0,0,0,0,0,0
1639951200,1.12364,1.13039,1.12346,1.1275,0,0,0,0,0,0,0
1640037600,1.1275,1.1302699999999999,1.12608,1.12847,0,0,0,0,0,0,0
1640124000,1.12847,1.13424,1.12643,1.13262,0,0,0,0,0,0,0
1640210400,1.13262,1.13422,1.129,1.13237,0,0,0,0,0,0,0
1640296800,1.13237,1.13435,1.13065,1.1313,0,0,0,0,0,0,0
1640556000,1.1313,1.13347,1.1303,1.13265,0,0,0,0,0,0,0
1640642400,1.13265,1.1333199999999999,1.12896,1.13082,0,0,0,0,0,0,0
1640728800,1.13082,1.1369,1.12737,1.13457,0,0,0,0,0,0,0
1640815200,1.13457,1.13598,1.12985,1.13231,0,0,0,0,0,0,0
1640901600,1.13231,1.13864,1.13032,1.13835,0,0,0,0,0,0,0
1641160800,1.13835,1.13835,1.12796,1.12941,0,0,0,0,0,0,0
1641247200,1.12941,1.13226,1.12723,1.12866,0,0,0,0,0,0,0
1641333600,1.12866,1.13465,1.1277,1.13121,0,0,0,0,0,0,0
1641420000,1.13121,1.13318,1.12847,1.1294899999999999,0,0,0,0,0,0,0
1641506400,1.1294899999999999,1.13648,1.129,1.13609,0,0,0,0,0,0,0
1641765600,1.13518,1.13603,1.1285,1.13249,0,0,0,0,0,0,0
1641852000,1.13249,1.13754,1.13128,1.13661,0,0,0,0,0,0,0
1641938400,1.13661,1.14527,1.13546,1.14415,0,0,0,0,0,0,0
1642024800,1.14415,1.14816,1.14357,1.14547,0,0,0,0,0,0,0
1642111200,1.14547,1.14828,1.13985,1.14149,0,0,0,0,0,0,0
1642370400,1.14118,1.14343,1.13918,1.1403,0,0,0,0,0,0,0
1642456800,1.1403,1.14215,1.13146,1.13241,0,0,0,0,0,0,0
1642543200,1.13241,1.1357,1.13189,1.13424,0,0,0,0,0,0,0
1642629600,1.13424,1.1369,1.13031,1.13101,0,0,0,0,0,0,0
1642716000,1.13101,1.13598,1.13008,1.1343699999999999,0,0,0,0,0,0,0
1642975200,1.13408,1.1345,1.12903,1.13245,0,0,0,0,0,0,0
1643061600,1.13245,1.13287,1.12632,1.13003,0,0,0,0,0,0,0
1643148000,1.13003,1.13107,1.12351,1.1241,0,0,0,0,0,0,0
1643234400,1.1241,1.12434,1.11314,1.11452,0,0,0,0,0,0,0
1643320800,1.11452,1.11737,1.11214,1.11477,0,0,0,0,0,0,0
1643580000,1.11412,1.12478,1.1138,1.12331,0,0,0,0,0,0,0
1643666400,1.12331,1.12787,1.12208,1.1270499999999999,0,0,0,0,0,0,0
1643752800,1.1270499999999999,1.13299,1.12667,1.13017,0,0,0,0,0,0,0
1643839200,1.13017,1.14513,1.12669,1.1435,0,0,0,0,0,0,0
1643925600,1.1435,1.14837,1.14114,1.14506,0,0,0,0,0,0,0
1644184800,1.14645,1.14645,1.14152,1.14421,0,0,0,0,0,0,0
1644271200,1.14421,1.14488,1.13962,1.14143,0,0,0,0,0,0,0
1644357600,1.14143,1.14478,1.14026,1.14211,0,0,0,0,0,0,0
1644444000,1.14211,1.14948,1.1375,1.14275,0,0,0,0,0,0,0
1644530400,1.14275,1.14301,1.13298,1.13453,0,0,0,0,0,0,0
1644789600,1.13371,1.1369,1.12799,1.13057,0,0,0,0,0,0,0
1644876000,1.13057,1.13682,1.12964,1.13581,0,0,0,0,0,0,0
1644962400,1.13581,1.1395899999999999,1.1345,1.13719,0,0,0,0,0,0,0
1645048800,1.13719,1.13862,1.13231,1.13578,0,0,0,0,0,0,0
1645135200,1.13578,1.13771,1.13146,1.13189,0,0,0,0,0,0,0
1645394400,1.13156,1.13902,1.13065,1.13078,0,0,0,0,0,0,0
1645480800,1.13078,1.13668,1.12879,1.13234,0,0,0,0,0,0,0
1645567200,1.13234,1.13589,1.13011,1.13024,0,0,0,0,0,0,0
1645653600,1.13024,1.13086,1.11063,1.11916,0,0,0,0,0,0,0
1645740000,1.11916,1.12742,1.1166,1.12711,0,0,0,0,0,0,0
1645999200,1.11184,1.12465,1.11184,1.12175,0,0,0,0,0,0,0
1646085600,1.12175,1.1233,1.10897,1.11201,0,0,0,0,0,0,0
1646172000,1.11201,1.11438,1.1057299999999999,1.11186,0,0,0,0,0,0,0
1646258400,1.11186,1.11216,1.10334,1.10659,0,0,0,0,0,0,0
1646344800,1.10659,1.10678,1.08857,1.09295,0,0,0,0,0,0,0
1646604000,1.09204,1.09325,1.08059,1.08528,0,0,0,0,0,0,0
1646690400,1.08528,1.09583,1.08486,1.08955,0,0,0,0,0,0,0
1646776800,1.08955,1.10953,1.08898,1.1074,0,0,0,0,0,0,0
1646863200,1.1074,1.11212,1.0976,1.09834,0,0,0,0,0,0,0
1646949600,1.09834,1.10434,1.09018,1.09107,0,0,0,0,0,0,0
1647205200,1.09193,1.09939,1.09003,1.09396,0,0,0,0,0,0,0
1647291600,1.09396,1.10199,1.09261,1.09552,0,0,0,0,0,0,0
1647378000,1.09552,1.1046799999999999,1.09478,1.10335,0,0,0,0,0,0,0
1647464400,1.10335,1.11375,1.10074,1.10902,0,0,0,0,0,0,0
1647550800,1.10902,1.11185,1.10029,1.10505,0,0,0,0,0,0,0
1647810000,1.10568,1.10702,1.10101,1.10152,0,0,0,0,0,0,0
1647896400,1.10152,1.10456,1.09609,1.10276,0,0,0,0,0,0,0
1647982800,1.10276,1.10437,1.0964099999999999,1.10025,0,0,0,0,0,0,0
1648069200,1.10025,1.10137,1.09654,1.09965,0,0,0,0,0,0,0
1648155600,1.09965,1.10377,1.09808,1.09819,0,0,0,0,0,0,0
1648414800,1.09853,1.09994,1.09445,1.09821,0,0,0,0,0,0,0
1648501200,1.09821,1.11371,1.09687,1.10852,0,0,0,0,0,0,0
1648587600,1.10852,1.11709,1.10791,1.11584,0,0,0,0,0,0,0
1648674000,1.11584,1.11848,1.10608,1.10665,0,0,0,0,0,0,0
1648760400,1.10665,1.1076,1.1028,1.10474,0,0,0,0,0,0,0
1649019600,1.10303,1.10544,1.09604,1.0969,0,0,0,0,0,0,0
1649106000,1.0969,1.09886,1.08999,1.09039,0,0,0,0,0,0,0
1649192400,1.09039,1.0937999999999999,1.08741,1.08914,0,0,0,0,0,0,0
1649278800,1.08914,1.09385,1.08646,1.08778,0,0,0,0,0,0,0
1649365200,1.08778,1.08917,1.08363,1.08758,0,0,0,0,0,0,0
1649624400,1.09198,1.09331,1.08726,1.08835,0,0,0,0,0,0,0
1649710800,1.08835,1.09038,1.08212,1.08265,0,0,0,0,0,0,0
1649797200,1.08265,1.08942,1.08088,1.08887,0,0,0,0,0,0,0
1649883600,1.08887,1.09234,1.07573,1.08288,0,0,0,0,0,0,0
1649970000,1.08288,1.083,1.07962,1.08084,0,0,0,0,0,0,0
1650229200,1.08036,1.08215,1.07698,1.0780399999999999,0,0,0,0,0,0,0
1650315600,1.0780399999999999,1.08145,1.07611,1.07868,0,0,0,0,0,0,0
1650402000,1.07868,1.08669,1.07833,1.08503,0,0,0,0,0,0,0
1650488400,1.08503,1.09361,1.08235,1.08315,0,0,0,0,0,0,0
1650574800,1.08315,1.08515,1.07705,1.0796,0,0,0,0,0,0,0
1650834000,1.0806,1.08151,1.06965,1.07117,0,0,0,0,0,0,0
1650920400,1.07117,1.07386,1.06356,1.06375,0,0,0,0,0,0,0
1651006800,1.06375,1.06547,1.05143,1.05552,0,0,0,0,0,0,0
1651093200,1.05552,1.05647,1.04709,1.04985,0,0,0,0,0,0,0
1651179600,1.04985,1.0593,1.04911,1.05413,0,0,0,0,0,0,0
1651438800,1.05413,1.05684,1.04901,1.05036,0,0,0,0,0,0,0
1651525200,1.05036,1.05777,1.04921,1.05188,0,0,0,0,0,0,0
1651611600,1.05188,1.0631,1.0506,1.06185,0,0,0,0,0,0,0
1651698000,1.06185,1.06417,1.04925,1.05395,0,0,0,0,0,0,0
1651784400,1.05395,1.05987,1.04827,1.05455,0,0,0,0,0,0,0
1652043600,1.05438,1.05924,1.0495,1.05574,0,0,0,0,0,0,0
1652130000,1.05574,1.05854,1.05255,1.05262,0,0,0,0,0,0,0
1652216400,1.05262,1.05771,1.05018,1.05121,0,0,0,0,0,0,0
1652302800,1.05121,1.05292,1.03536,1.0378,0,0,0,0,0,0,0
1652389200,1.0378,1.04196,1.03488,1.04094,0,0,0,0,0,0,0
1652648400,1.04005,1.04429,1.0389,1.043,0,0,0,0,0,0,0
1652734800,1.043,1.05556,1.04283,1.05459,0,0,0,0,0,0,0
1652821200,1.05459,1.05637,1.04592,1.04615,0,0,0,0,0,0,0
1652907600,1.04615,1.06071,1.04605,1.05817,0,0,0,0,0,0,0
1652994000,1.05817,1.05993,1.05329,1.056,0,0,0,0,0,0,0
1653253200,1.0562,1.06973,1.05566,1.06885,0,0,0,0,0,0,0
1653339600,1.06885,1.07485,1.06608,1.07314,0,0,0,0,0,0,0
1653426000,1.07314,1.0739,1.06417,1.06763,0,0,0,0,0,0,0
1653512400,1.06763,1.07315,1.06624,1.07219,0,0,0,0,0,0,0
1653598800,1.07219,1.07652,1.06968,1.07349,0,0,0,0,0,0,0
1653858000,1.07345,1.07868,1.0725,1.07754,0,0,0,0,0,0,0
1653944400,1.07754,1.07794,1.06789,1.07315,0,0,0,0,0,0,0
1654030800,1.07315,1.07392,1.0627199999999999,1.0645,0,0,0,0,0,0,0
1654117200,1.0645,1.07501,1.06449,1.07451,0,0,0,0,0,0,0
1654203600,1.07451,1.07646,1.07037,1.07185,0,0,0,0,0,0,0
1654462800,1.07185,1.07519,1.0684,1.06958,0,0,0,0,0,0,0
1654549200,1.06958,1.07142,1.06518,1.06992,0,0,0,0,0,0,0
1654635600,1.06992,1.07485,1.06714,1.07163,0,0,0,0,0,0,0
1654722000,1.07163,1.07737,1.06113,1.06147,0,0,0,0,0,0,0
1654808400,1.06147,1.06423,1.05057,1.0517,0,0,0,0,0,0,0
1655067600,1.05139,1.05201,1.03996,1.0406,0,0,0,0,0,0,0
1655154000,1.0406,1.04848,1.03968,1.0415,0,0,0,0,0,0,0
1655240400,1.0415,1.05078,1.03588,1.04403,0,0,0,0,0,0,0
1655326800,1.04403,1.06014,1.03807,1.05459,0,0,0,0,0,0,0
1655413200,1.05459,1.05608,1.0444499999999999,1.04933,0,0,0,0,0,0,0
1655672400,1.0472,1.05457,1.0472,1.05103,0,0,0,0,0,0,0
1655758800,1.05103,1.05824,1.0506199999999999,1.05307,0,0,0,0,0,0,0
1655845200,1.05307,1.06059,1.04686,1.05641,0,0,0,0,0,0,0
1655931600,1.05641,1.0581,1.04826,1.05172,0,0,0,0,0,0,0
1656018000,1.05172,1.05711,1.05119,1.0557,0,0,0,0,0,0,0
1656277200,1.05522,1.06149,1.05474,1.0582,0,0,0,0,0,0,0
1656363600,1.0582,1.06061,1.05031,1.05169,0,0,0,0,0,0,0
1656450000,1.05169,1.05355,1.04349,1.04386,0,0,0,0,0,0,0
1656536400,1.04386,1.04888,1.03822,1.04836,0,0,0,0,0,0,0
1656622800,1.04836,1.04854,1.0365199999999999,1.04266,0,0,0,0,0,0,0
1656882000,1.04163,1.04627,1.04163,1.04178,0,0,0,0,0,0,0
1656968400,1.04178,1.04488,1.02352,1.02646,0,0,0,0,0,0,0
1657054800,1.02646,1.02766,1.01613,1.01805,0,0,0,0,0,0,0
1657141200,1.01805,1.0221,1.01442,1.01566,0,0,0,0,0,0,0
1657227600,1.01566,1.01912,1.00716,1.0185899999999999,0,0,0,0,0,0,0
1657486800,1.01742,1.01834,1.00336,1.00384,0,0,0,0,0,0,0
1657573200,1.00384,1.00737,0.99998,1.00342,0,0,0,0,0,0,0
1657659600,1.00342,1.01222,0.99978,1.0052699999999999,0,0,0,0,0,0,0
1657746000,1.0052699999999999,1.0058799999999999,0.99521,1.00141,0,0,0,0,0,0,0
1657832400,1.00141,1.00979,1.00068,1.00864,0,0,0,0,0,0,0
1658091600,1.0082,1.02013,1.00786,1.0142,0,0,0,0,0,0,0
1658178000,1.0142,1.02692,1.01193,1.02241,0,0,0,0,0,0,0
1658264400,1.02241,1.02731,1.01553,1.01761,0,0,0,0,0,0,0
1658350800,1.01761,1.0278,1.01534,1.02271,0,0,0,0,0,0,0
1658437200,1.02271,1.02552,1.01297,1.02143,0,0,0,0,0,0,0
1658696400,1.0208599999999999,1.02578,1.01785,1.0218099999999999,0,0,0,0,0,0,0
1658782800,1.0218099999999999,1.02501,1.01075,1.01151,0,0,0,0,0,0,0
1658869200,1.01151,1.02208,1.00965,1.01905,0,0,0,0,0,0,0
1658955600,1.01905,1.02344,1.01139,1.0197,0,0,0,0,0,0,0
1659042000,1.0197,1.02544,1.0145899999999999,1.0226,0,0,0,0,0,0,0
1659301200,1.0226,1.02753,1.02053,1.02607,0,0,0,0,0,0,0
1659387600,1.02607,1.02939,1.01633,1.0165899999999999,0,0,0,0,0,0,0
1659474000,1.0165899999999999,1.02104,1.01227,1.01633,0,0,0,0,0,0,0
1659560400,1.01633,1.02539,1.01544,1.02449,0,0,0,0,0,0,0
1659646800,1.02449,1.0252,1.01413,1.018,0,0,0,0,0,0,0
1659906000,1.01738,1.02219,1.01592,1.0191,0,0,0,0,0,0,0
1659992400,1.0191,1.02475,1.01885,1.0213,0,0,0,0,0,0,0
1660078800,1.0213,1.03686,1.02017,1.0299,0,0,0,0,0,0,0
1660165200,1.0299,1.03643,1.02754,1.0321,0,0,0,0,0,0,0
1660251600,1.0321,1.03272,1.02383,1.02568,0,0,0,0,0,0,0
1660510800,1.02568,1.02683,1.01544,1.01579,0,0,0,0,0,0,0
1660597200,1.01579,1.01948,1.01222,1.01709,0,0,0,0,0,0,0
1660683600,1.01709,1.02029,1.01453,1.0178099999999999,0,0,0,0,0,0,0
1660770000,1.0178099999999999,1.0193,1.00793,1.00848,0,0,0,0,0,0,0
1660856400,1.00848,1.00955,1.00319,1.00387,0,0,0,0,0,0,0
1661115600,1.00339,1.00465,0.9926,0.9941099999999999,0,0,0,0,0,0,0
1661202000,0.9941099999999999,1.00182,0.98999,0.99679,0,0,0,0,0,0,0
1661288400,0.99679,0.9999,0.991,0.99627,0,0,0,0,0,0,0
1661374800,0.99627,1.00333,0.99488,0.99734,0,0,0,0,0,0,0
1661461200,0.99734,1.009,0.99466,0.9964,0,0,0,0,0,0,0
1661720400,0.99651,1.00292,0.99141,0.9994,0,0,0,0,0,0,0
1661806800,0.9994,1.00549,0.9982,1.00121,0,0,0,0,0,0,0
1661893200,1.00121,1.0079,0.99713,1.00516,0,0,0,0,0,0,0
1661979600,1.00516,1.00543,0.99107,0.99449,0,0,0,0,0,0,0
1662066000,0.99449,1.00336,0.99421,0.9952,0,0,0,0,0,0,0
1662325200,0.9918,0.99441,0.98775,0.99273,0,0,0,0,0,0,0
1662411600,0.99273,0.99864,0.98638,0.99027,0,0,0,0,0,0,0
1662498000,0.99027,1.00109,0.98753,1.00015,0,0,0,0,0,0,0
1662584400,1.00015,1.00299,0.99307,0.99942,0,0,0,0,0,0,0
1662670800,0.99942,1.01133,0.99924,1.00437,0,0,0,0,0,0,0
1662930000,1.01043,1.01977,1.00597,1.01214,0,0,0,0,0,0,0
1663016400,1.01214,1.01872,0.99662,0.99668,0,0,0,0,0,0,0
1663102800,0.99668,1.00236,0.99551,0.998,0,0,0,0,0,0,0
1663189200,0.998,1.00179,0.99557,0.99968,0,0,0,0,0,0,0
1663275600,0.99968,1.00364,0.99448,1.00122,0,0,0,0,0,0,0
1663534800,1.00142,1.00293,0.99657,1.00221,0,0,0,0,0,0,0
1663621200,1.00221,1.00506,0.9954999999999999,0.99691,0,0,0,0,0,0,0
1663707600,0.99691,0.99751,0.9812299999999999,0.98369,0,0,0,0,0,0,0
1663794000,0.98369,0.99074,0.98069,0.9833999999999999,0,0,0,0,0,0,0
1663880400,0.9833999999999999,0.9852,0.96679,0.96868,0,0,0,0,0,0,0
1664139600,0.96671,0.97093,0.95526,0.9608599999999999,0,0,0,0,0,0,0
1664226000,0.9608599999999999,0.9670799999999999,0.95691,0.95928,0,0,0,0,0,0,0
1664312400,0.95928,0.97508,0.95358,0.97314,0,0,0,0,0,0,0
1664398800,0.97314,0.98156,0.96357,0.98154,0,0,0,0,0,0,0
1664485200,0.98154,0.98538,0.97344,0.98005,0,0,0,0,0,0,0
1664744400,0.97826,0.9844499999999999,0.97526,0.98247,0,0,0,0,0,0,0
1664830800,0.98247,0.99997,0.98063,0.99853,0,0,0,0,0,0,0
1664917200,0.99853,0.99949,0.98348,0.98804,0,0,0,0,0,0,0
1665003600,0.98804,0.99265,0.97883,0.97903,0,0,0,0,0,0,0
1665090000,0.97903,0.98168,0.97262,0.97398,0,0,0,0,0,0,0
1665349200,0.97337,0.97531,0.96818,0.96979,0,0,0,0,0,0,0
1665435600,0.96979,0.97747,0.96698,0.97056,0,0,0,0,0,0,0
1665522000,0.97056,0.97351,0.96676,0.97022,0,0,0,0,0,0,0
1665608400,0.97022,0.9806,0.96315,0.97763,0,0,0,0,0,0,0
1665694800,0.97763,0.98086,0.9706899999999999,0.97185,0,0,0,0,0,0,0
1665954000,0.97253,0.98522,0.97197,0.98367,0,0,0,0,0,0,0
1666040400,0.98367,0.98755,0.98124,0.98534,0,0,0,0,0,0,0
1666126800,0.98534,0.98725,0.97572,0.9773,0,0,0,0,0,0,0
1666213200,0.9773,0.98455,0.97544,0.97815,0,0,0,0,0,0,0
1666299600,0.97815,0.98692,0.9704699999999999,0.98565,0,0,0,0,0,0,0
1666558800,0.98714,0.98992,0.98068,0.98736,0,0,0,0,0,0,0
1666645200,0.98736,0.99769,0.98482,0.99622,0,0,0,0,0,0,0
1666731600,0.99622,1.00887,0.9943299999999999,1.00804,0,0,0,0,0,0,0
1666818000,1.00804,1.0093699999999999,0.99575,0.99644,0,0,0,0,0,0,0
1666904400,0.99644,0.9998,0.99265,0.99661,0,0,0,0,0,0,0
1667163600,0.99437,0.99658,0.9872799999999999,0.98776,0,0,0,0,0,0,0
1667250000,0.98776,0.99543,0.98529,0.98738,0,0,0,0,0,0,0
1667336400,0.98738,0.99759,0.98126,0.98148,0,0,0,0,0,0,0
1667422800,0.98148,0.98396,0.97301,0.9745699999999999,0,0,0,0,0,0,0
1667509200,0.9745699999999999,0.99665,0.97424,0.99578,0,0,0,0,0,0,0
1667772000,0.99047,1.00345,0.99001,1.00182,0,0,0,0,0,0,0
1667858400,1.00182,1.00963,0.99713,1.00703,0,0,0,0,0,0,0
1667944800,1.00703,1.00882,0.99929,1.00084,0,0,0,0,0,0,0
1668031200,1.00084,1.02219,0.99357,1.02072,0,0,0,0,0,0,0
1668117600,1.02072,1.03642,1.0163,1.03521,0,0,0,0,0,0,0
1668376800,1.03339,1.03586,1.02713,1.03265,0,0,0,0,0,0,0
1668463200,1.03265,1.04818,1.02799,1.03479,0,0,0,0,0,0,0
1668549600,1.03479,1.0438399999999999,1.03305,1.03936,0,0,0,0,0,0,0
1668636000,1.03936,1.04065,1.0305199999999999,1.03608,0,0,0,0,0,0,0
1668722400,1.03608,1.0396,1.03136,1.03231,0,0,0,0,0,0,0
1668981600,1.03241,1.03332,1.0222499999999999,1.02396,0,0,0,0,0,0,0
1669068000,1.02396,1.03082,1.0238,1.0303,0,0,0,0,0,0,0
1669154400,1.0303,1.04052,1.0296399999999999,1.03951,0,0,0,0,0,0,0
1669240800,1.03951,1.04485,1.03816,1.04108,0,0,0,0,0,0,0
1669327200,1.04108,1.04293,1.03546,1.03848,0,0,0,0,0,0,0
1669586400,1.03724,1.04969,1.033,1.03403,0,0,0,0,0,0,0
1669672800,1.03403,1.03945,1.03199,1.03289,0,0,0,0,0,0,0
1669759200,1.03289,1.04288,1.02902,1.04056,0,0,0,0,0,0,0
1669845600,1.04056,1.0534,1.03929,1.05261,0,0,0,0,0,0,0
1669932000,1.05261,1.05449,1.04281,1.05403,0,0,0,0,0,0,0
1670191200,1.05275,1.05948,1.04803,1.04933,0,0,0,0,0,0,0
1670277600,1.04933,1.05329,1.04592,1.04626,0,0,0,0,0,0,0
1670364000,1.04626,1.05498,1.04431,1.05057,0,0,0,0,0,0,0
1670450400,1.05057,1.05649,1.04895,1.05546,0,0,0,0,0,0,0
1670536800,1.05546,1.05882,1.05026,1.05329,0,0,0,0,0,0,0
1670796000,1.05275,1.05802,1.05058,1.05373,0,0,0,0,0,0,0
1670882400,1.05373,1.06732,1.05281,1.06315,0,0,0,0,0,0,0
1670968800,1.06315,1.06952,1.06188,1.06815,0,0,0,0,0,0,0
1671055200,1.06815,1.07363,1.05922,1.06264,0,0,0,0,0,0,0
1671141600,1.06264,1.06631,1.05843,1.05843,0,0,0,0,0,0,0
1671400800,1.05895,1.06581,1.05758,1.06077,0,0,0,0,0,0,0
1671487200,1.06077,1.06586,1.05789,1.06219,0,0,0,0,0,0,0
1671573600,1.06219,1.06452,1.05902,1.0605,0,0,0,0,0,0,0
1671660000,1.0605,1.06593,1.05732,1.05919,0,0,0,0,0,0,0
1671746400,1.05919,1.06328,1.05866,1.06139,0,0,0,0,0,0,0
1672005600,1.06139,1.06363,1.05946,1.0634,0,0,0,0,0,0,0
1672092000,1.0634,1.06695,1.06113,1.06389,0,0,0,0,0,0,0
1672178400,1.06389,1.0674299999999999,1.06065,1.06117,0,0,0,0,0,0,0
1672264800,1.06117,1.06906,1.06062,1.0661,0,0,0,0,0,0,0
1672351200,1.0661,1.07132,1.06385,1.06994,0,0,0,0,0,0,0
1672610400,1.06994,1.06994,1.06495,1.06647,0,0,0,0,0,0,0
1672696800,1.06647,1.06831,1.05194,1.05467,0,0,0,0,0,0,0
1672783200,1.05467,1.06351,1.05403,1.06019,0,0,0,0,0,0,0
1672869600,1.06019,1.06314,1.05149,1.05214,0,0,0,0,0,0,0
1672956000,1.05214,1.0648,1.04819,1.06392,0,0,0,0,0,0,0
1673215200,1.06392,1.07606,1.06365,1.07278,0,0,0,0,0,0,0
1673301600,1.07278,1.07594,1.07119,1.07329,0,0,0,0,0,0,0
1673388000,1.07329,1.07763,1.07254,1.07567,0,0,0,0,0,0,0
1673474400,1.07567,1.0867,1.07268,1.08522,0,0,0,0,0,0,0
1673560800,1.08522,1.08678,1.07803,1.08318,0,0,0,0,0,0,0
1673820000,1.083,1.08741,1.08013,1.08209,0,0,0,0,0,0,0
1673906400,1.08209,1.08694,1.07742,1.07874,0,0,0,0,0,0,0
1673992800,1.07874,1.08873,1.0766,1.0794,0,0,0,0,0,0,0
1674079200,1.0794,1.08401,1.07821,1.0831,0,0,0,0,0,0,0
1674165600,1.0831,1.0859,1.08022,1.08546,0,0,0,0,0,0,0
1674424800,1.08664,1.09267,1.08459,1.08682,0,0,0,0,0,0,0
1674511200,1.08682,1.08979,1.0835,1.08824,0,0,0,0,0,0,0
1674597600,1.08824,1.09236,1.0856999999999999,1.09122,0,0,0,0,0,0,0
1674684000,1.09122,1.09295,1.08504,1.08884,0,0,0,0,0,0,0
1674770400,1.08884,1.09005,1.08376,1.08657,0,0,0,0,0,0,0
1675029600,1.08644,1.09138,1.08391,1.08486,0,0,0,0,0,0,0
1675116000,1.08486,1.08749,1.0802,1.08606,0,0,0,0,0,0,0
1675202400,1.08606,1.10017,1.08521,1.09882,0,0,0,0,0,0,0
1675288800,1.09882,1.10328,1.08852,1.09093,0,0,0,0,0,0,0
1675375200,1.09093,1.09402,1.07924,1.07925,0,0,0,0,0,0,0
1675634400,1.07801,1.07989,1.07093,1.07253,0,0,0,0,0,0,0
1675720800,1.07253,1.0766499999999999,1.0669,1.07231,0,0,0,0,0,0,0
1675807200,1.07231,1.07607,1.07093,1.07098,0,0,0,0,0,0,0
1675893600,1.07098,1.07908,1.07087,1.07372,0,0,0,0,0,0,0
1675980000,1.07372,1.07527,1.06662,1.06764,0,0,0,0,0,0,0
1676239200,1.06791,1.0729899999999999,1.06554,1.07188,0,0,0,0,0,0,0
1676325600,1.07188,1.08044,1.07066,1.07366,0,0,0,0,0,0,0
1676412000,1.07366,1.07445,1.06604,1.06865,0,0,0,0,0,0,0
1676498400,1.06865,1.07225,1.06542,1.0672,0,0,0,0,0,0,0
1676584800,1.0672,1.06984,1.06126,1.06941,0,0,0,0,0,0,0
1676844000,1.0685499999999999,1.07045,1.06701,1.06844,0,0,0,0,0,0,0
1676930400,1.06844,1.06983,1.06374,1.06435,0,0,0,0,0,0,0
1677016800,1.06435,1.0664,1.05989,1.06039,0,0,0,0,0,0,0
1677103200,1.06039,1.06278,1.0577,1.05945,0,0,0,0,0,0,0
1677189600,1.05945,1.06143,1.0536,1.0545,0,0,0,0,0,0,0
1677448800,1.0543,1.06199,1.05329,1.0609,0,0,0,0,0,0,0
1677535200,1.0609,1.06453,1.05723,1.05723,0,0,0,0,0,0,0
1677621600,1.05723,1.06914,1.05652,1.06659,0,0,0,0,0,0,0
1677708000,1.06659,1.06728,1.05764,1.05968,0,0,0,0,0,0,0
1677794400,1.05968,1.06386,1.05882,1.06335,0,0,0,0,0,0,0
1678053600,1.0623,1.0694299999999999,1.06221,1.06789,0,0,0,0,0,0,0
1678140000,1.06789,1.06945,1.05461,1.05491,0,0,0,0,0,0,0
1678226400,1.05491,1.05739,1.05241,1.05419,0,0,0,0,0,0,0
1678312800,1.05419,1.05912,1.05368,1.05788,0,0,0,0,0,0,0
1678399200,1.05788,1.07008,1.05738,1.0639,0,0,0,0,0,0,0
1678654800,1.0681,1.07485,1.06503,1.0731,0,0,0,0,0,0,0
1678741200,1.0731,1.07496,1.06786,1.0732599999999999,0,0,0,0,0,0,0
1678827600,1.0732599999999999,1.07598,1.0516,1.05764,0,0,0,0,0,0,0
1678914000,1.05764,1.06356,1.05507,1.06092,0,0,0,0,0,0,0
1679000400,1.06092,1.06853,1.06046,1.06641,0,0,0,0,0,0,0
1679259600,1.06861,1.07308,1.06312,1.07172,0,0,0,0,0,0,0
1679346000,1.07172,1.07886,1.0703799999999999,1.07653,0,0,0,0,0,0,0
1679432400,1.07653,1.09123,1.07589,1.08546,0,0,0,0,0,0,0
1679518800,1.08546,1.09299,1.08239,1.08283,0,0,0,0,0,0,0
1679605200,1.08283,1.08386,1.07129,1.07594,0,0,0,0,0,0,0
1679864400,1.07721,1.08001,1.07447,1.07972,0,0,0,0,0,0,0
1679950800,1.07972,1.08485,1.07949,1.08422,0,0,0,0,0,0,0
1680037200,1.08422,1.08716,1.08177,1.08438,0,0,0,0,0,0,0
1680123600,1.08438,1.09262,1.08234,1.09046,0,0,0,0,0,0,0
1680210000,1.09046,1.09257,1.08367,1.08424,0,0,0,0,0,0,0
1680469200,1.08394,1.09166,1.07882,1.08951,0,0,0,0,0,0,0
1680555600,1.08951,1.09733,1.08826,1.09505,0,0,0,0,0,0,0
1680642000,1.09505,1.09696,1.0891,1.09022,0,0,0,0,0,0,0
1680728400,1.09022,1.09376,1.08845,1.09184,0,0,0,0,0,0,0
1680814800,1.09184,1.0924,1.0876,1.08987,0,0,0,0,0,0,0
1681074000,1.08987,1.09172,1.08312,1.08535,0,0,0,0,0,0,0
1681160400,1.08535,1.09281,1.08535,1.09097,0,0,0,0,0,0,0
1681246800,1.09097,1.10004,1.09084,1.09911,0,0,0,0,0,0,0
1681333200,1.09911,1.10677,1.09766,1.10462,0,0,0,0,0,0,0
1681419600,1.10462,1.10758,1.09724,1.09931,0,0,0,0,0,0,0
1681678800,1.09888,1.09998,1.09091,1.09234,0,0,0,0,0,0,0
1681765200,1.09234,1.09829,1.09206,1.0971,0,0,0,0,0,0,0
1681851600,1.0971,1.0984,1.09171,1.09537,0,0,0,0,0,0,0
1681938000,1.09537,1.09898,1.09334,1.09652,0,0,0,0,0,0,0
1682024400,1.09652,1.09938,1.09377,1.09884,0,0,0,0,0,0,0
1682283600,1.09906,1.10501,1.09659,1.10455,0,0,0,0,0,0,0
1682370000,1.10455,1.1067,1.0964,1.09727,0,0,0,0,0,0,0
1682456400,1.09727,1.1095599999999999,1.09666,1.1038,0,0,0,0,0,0,0
1682542800,1.1038,1.1063399999999999,1.09919,1.10275,0,0,0,0,0,0,0
1682629200,1.10275,1.1045,1.0962399999999999,1.10166,0,0,0,0,0,0,0
1682888400,1.10246,1.10356,1.09643,1.09731,0,0,0,0,0,0,0
1682974800,1.09731,1.10079,1.09418,1.09987,0,0,0,0,0,0,0
1683061200,1.09987,1.1092,1.09969,1.10594,0,0,0,0,0,0,0
1683147600,1.10594,1.10916,1.0986,1.10096,0,0,0,0,0,0,0
1683234000,1.10096,1.10478,1.09667,1.10176,0,0,0,0,0,0,0
1683493200,1.1024,1.10536,1.10001,1.10028,0,0,0,0,0,0,0
1683579600,1.10028,1.10047,1.0941,1.09604,0,0,0,0,0,0,0
1683666000,1.09604,1.10069,1.09416,1.09803,0,0,0,0,0,0,0
1683752400,1.09803,1.0997999999999999,1.08999,1.09153,0,0,0,0,0,0,0
1683838800,1.09153,1.09355,1.08478,1.08489,0,0,0,0,0,0,0
1684098000,1.08608,1.08908,1.08447,1.08741,0,0,0,0,0,0,0
1684184400,1.08741,1.09046,1.08549,1.08618,0,0,0,0,0,0,0
1684270800,1.08618,1.0873599999999999,1.08101,1.08388,0,0,0,0,0,0,0
1684357200,1.08388,1.0848,1.07624,1.07695,0,0,0,0,0,0,0
1684443600,1.07695,1.08288,1.07597,1.08054,0,0,0,0,0,0,0
1684702800,1.08045,1.08313,1.07952,1.08124,0,0,0,0,0,0,0
1684789200,1.08124,1.08206,1.07602,1.07687,0,0,0,0,0,0,0
1684875600,1.07687,1.08013,1.0748,1.07494,0,0,0,0,0,0,0
1684962000,1.07494,1.07567,1.07071,1.07251,0,0,0,0,0,0,0
1685048400,1.07251,1.07586,1.07015,1.07224,0,0,0,0,0,0,0
1685307600,1.07172,1.07434,1.07054,1.0706499999999999,0,0,0,0,0,0,0
1685394000,1.0706499999999999,1.07466,1.06724,1.07342,0,0,0,0,0,0,0
1685480400,1.07342,1.07357,1.0635,1.06887,0,0,0,0,0,0,0
1685566800,1.06887,1.07685,1.06616,1.07615,0,0,0,0,0,0,0
1685653200,1.07615,1.0779,1.07048,1.07066,0,0,0,0,0,0,0
1685912400,1.0711,1.07224,1.06745,1.07121,0,0,0,0,0,0,0
1685998800,1.07121,1.07328,1.06668,1.06925,0,0,0,0,0,0,0
1686085200,1.06925,1.07396,1.0668199999999999,1.06984,0,0,0,0,0,0,0
1686171600,1.06984,1.07871,1.06924,1.07818,0,0,0,0,0,0,0
1686258000,1.07818,1.07851,1.07427,1.07481,0,0,0,0,0,0,0
1686517200,1.0746,1.07901,1.0733,1.07564,0,0,0,0,0,0,0
1686603600,1.07564,1.08235,1.07529,1.07929,0,0,0,0,0,0,0
1686690000,1.07929,1.08641,1.07737,1.08239,0,0,0,0,0,0,0
1686776400,1.08239,1.09526,1.08036,1.09447,0,0,0,0,0,0,0
1686862800,1.09447,1.09705,1.09176,1.09406,0,0,0,0,0,0,0
1687122000,1.09406,1.09463,1.09071,1.09212,0,0,0,0,0,0,0
1687208400,1.09212,1.09462,1.0891899999999999,1.09179,0,0,0,0,0,0,0
1687294800,1.09179,1.09908,1.09056,1.09859,0,0,0,0,0,0,0
1687381200,1.09859,1.10122,1.09483,1.09557,0,0,0,0,0,0,0
1687467600,1.09557,1.09592,1.08441,1.08915,0,0,0,0,0,0,0
1687726800,1.09045,1.092,1.08871,1.09057,0,0,0,0,0,0,0
1687813200,1.09057,1.09766,1.09019,1.09604,0,0,0,0,0,0,0
1687899600,1.09604,1.09627,1.08966,1.09126,0,0,0,0,0,0,0
1687986000,1.09126,1.09413,1.086,1.08627,0,0,0,0,0,0,0
1688072400,1.08627,1.09318,1.08352,1.09097,0,0,0,0,0,0,0
1688331600,1.09105,1.09339,1.08701,1.09091,0,0,0,0,0,0,0
1688418000,1.09091,1.0916299999999999,1.08765,1.08777,0,0,0,0,0,0,0
1688504400,1.08777,1.09079,1.0850899999999999,1.08538,0,0,0,0,0,0,0
1688590800,1.08538,1.09006,1.08333,1.08876,0,0,0,0,0,0,0
1688677200,1.08876,1.09733,1.0867,1.09682,0,0,0,0,0,0,0
1688936400,1.097,1.10014,1.09433,1.10006,0,0,0,0,0,0,0
1689022800,1.10006,1.10271,1.09768,1.10084,0,0,0,0,0,0,0
1689109200,1.10084,1.11404,1.10005,1.11279,0,0,0,0,0,0,0
1689195600,1.11279,1.12278,1.11266,1.12262,0,0,0,0,0,0,0
1689282000,1.12262,1.12448,1.1204,1.12251,0,0,0,0,0,0,0
1689541200,1.12315,1.1248799999999999,1.12033,1.12314,0,0,0,0,0,0,0
1689627600,1.12314,1.12757,1.12087,1.12281,0,0,0,0,0,0,0
1689714000,1.12281,1.1239999999999999,1.11743,1.11972,0,0,0,0,0,0,0
1689800400,1.11972,1.12291,1.11184,1.11291,0,0,0,0,0,0,0
1689886800,1.11291,1.11449,1.1107799999999999,1.11245,0,0,0,0,0,0,0
1690146000,1.1133,1.11469,1.10601,1.10638,0,0,0,0,0,0,0
1690232400,1.10638,1.1086799999999999,1.10204,1.10482,0,0,0,0,0,0,0
1690318800,1.10482,1.11067,1.10378,1.10857,0,0,0,0,0,0,0
1690405200,1.10857,1.11497,1.09657,1.09752,0,0,0,0,0,0,0
1690491600,1.09752,1.10475,1.09434,1.1013,0,0,0,0,0,0,0
1690750800,1.10193,1.10458,1.09934,1.09967,0,0,0,0,0,0,0
1690837200,1.09967,1.1003,1.09523,1.09843,0,0,0,0,0,0,0
1690923600,1.09843,1.10199,1.09178,1.09378,0,0,0,0,0,0,0
1691010000,1.09378,1.09629,1.09122,1.09491,0,0,0,0,0,0,0
1691096400,1.09491,1.10419,1.09332,1.1008,0,0,0,0,0,0,0
1691355600,1.1008,1.10166,1.09653,1.10023,0,0,0,0,0,0,0
1691442000,1.10023,1.10111,1.09289,1.0956299999999999,0,0,0,0,0,0,0
1691528400,1.0956299999999999,1.09953,1.09494,1.09738,0,0,0,0,0,0,0
1691614800,1.09738,1.10649,1.09672,1.09808,0,0,0,0,0,0,0
1691701200,1.09808,1.10049,1.09428,1.09445,0,0,0,0,0,0,0
1691960400,1.0951,1.09602,1.08746,1.09056,0,0,0,0,0,0,0
1692046800,1.09056,1.09524,1.08964,1.0901399999999999,0,0,0,0,0,0,0
1692133200,1.0901399999999999,1.09345,1.08714,1.08792,0,0,0,0,0,0,0
1692219600,1.08792,1.09183,1.08563,1.0872,0,0,0,0,0,0,0
1692306000,1.0872,1.08938,1.0844799999999999,1.08682,0,0,0,0,0,0,0
1692565200,1.08659,1.09137,1.08659,1.08956,0,0,0,0,0,0,0
1692651600,1.08956,1.09304,1.08328,1.08453,0,0,0,0,0,0,0
1692738000,1.08453,1.08716,1.08023,1.08629,0,0,0,0,0,0,0
1692824400,1.08629,1.08766,1.08049,1.08103,0,0,0,0,0,0,0
1692910800,1.08103,1.08417,1.07658,1.07946,0,0,0,0,0,0,0
1693170000,1.07948,1.08222,1.0792,1.08188,0,0,0,0,0,0,0
1693256400,1.08188,1.0891899999999999,1.0782,1.08798,0,0,0,0,0,0,0
1693342800,1.08798,1.09454,1.08551,1.09231,0,0,0,0,0,0,0
1693429200,1.09231,1.09395,1.0835,1.08433,0,0,0,0,0,0,0
1693515600,1.08433,1.0882,1.0772,1.07731,0,0,0,0,0,0,0
1693774800,1.07765,1.08088,1.07716,1.07938,0,0,0,0,0,0,0
1693861200,1.07938,1.07983,1.07059,1.0722,0,0,0,0,0,0,0
1693947600,1.0722,1.07488,1.07023,1.07269,0,0,0,0,0,0,0
1694034000,1.07269,1.07317,1.06858,1.06957,0,0,0,0,0,0,0
1694120400,1.06957,1.07438,1.0694,1.06982,0,0,0,0,0,0,0
1694379600,1.07146,1.07593,1.07072,1.07502,0,0,0,0,0,0,0
1694466000,1.07502,1.07679,1.07055,1.07538,0,0,0,0,0,0,0
1694552400,1.07538,1.07649,1.07107,1.07292,0,0,0,0,0,0,0
1694638800,1.07292,1.07521,1.06318,1.06429,0,0,0,0,0,0,0
1694725200,1.06429,1.06878,1.0633299999999999,1.06596,0,0,0,0,0,0,0
1694984400,1.06598,1.06986,1.06545,1.06915,0,0,0,0,0,0,0
1695070800,1.06915,1.07179,1.0675,1.06792,0,0,0,0,0,0,0
1695157200,1.06792,1.07368,1.065,1.06605,0,0,0,0,0,0,0
1695243600,1.06605,1.06736,1.06167,1.06579,0,0,0,0,0,0,0
1695330000,1.06579,1.06717,1.06147,1.06452,0,0,0,0,0,0,0
1695589200,1.06452,1.06556,1.05751,1.0593,0,0,0,0,0,0,0
1695675600,1.0593,1.06091,1.0562,1.05722,0,0,0,0,0,0,0
1695762000,1.05722,1.05743,1.04881,1.05022,0,0,0,0,0,0,0
1695848400,1.05022,1.05788,1.04909,1.05654,0,0,0,0,0,0,0
1695934800,1.05654,1.06171,1.05565,1.05739,0,0,0,0,0,0,0
1696194000,1.05661,1.05918,1.04766,1.04771,0,0,0,0,0,0,0
1696280400,1.04771,1.04935,1.04482,1.04663,0,0,0,0,0,0,0
1696366800,1.04663,1.05322,1.04513,1.05036,0,0,0,0,0,0,0
1696453200,1.05036,1.05518,1.04999,1.05468,0,0,0,0,0,0,0
1696539600,1.05468,1.06,1.04821,1.05844,0,0,0,0,0,0,0
1696798800,1.05493,1.05744,1.05193,1.05665,0,0,0,0,0,0,0
1696885200,1.05665,1.06197,1.05543,1.06051,0,0,0,0,0,0,0
1696971600,1.06051,1.06347,1.05795,1.06193,0,0,0,0,0,0,0
1697058000,1.06193,1.06396,1.05256,1.0528,0,0,0,0,0,0,0
1697144400,1.0528,1.05585,1.04953,1.05067,0,0,0,0,0,0,0
1697403600,1.0514,1.05627,1.05084,1.05602,0,0,0,0,0,0,0
1697490000,1.05602,1.05948,1.05328,1.05771,0,0,0,0,0,0,0
1697576400,1.05771,1.05942,1.0523,1.05365,0,0,0,0,0,0,0
1697662800,1.05365,1.06164,1.05281,1.05823,0,0,0,0,0,0,0
1697749200,1.05823,1.06037,1.05648,1.0593,0,0,0,0,0,0,0
1698008400,1.0594999999999999,1.06779,1.05714,1.06685,0,0,0,0,0,0,0
1698094800,1.06685,1.06945,1.05829,1.05895,0,0,0,0,0,0,0
1698181200,1.05895,1.06067,1.05653,1.05659,0,0,0,0,0,0,0
1698267600,1.05659,1.05692,1.0521099999999999,1.05621,0,0,0,0,0,0,0
1698354000,1.05621,1.0597,1.05352,1.05586,0,0,0,0,0,0,0
1698613200,1.05626,1.06253,1.05471,1.0614999999999999,0,0,0,0,0,0,0
1698699600,1.0614999999999999,1.06749,1.05574,1.05744,0,0,0,0,0,0,0
1698786000,1.05744,1.05806,1.05165,1.05698,0,0,0,0,0,0,0
1698872400,1.05698,1.06675,1.05645,1.06216,0,0,0,0,0,0,0
1698958800,1.06216,1.07467,1.06145,1.07277,0,0,0,0,0,0,0
1699221600,1.07215,1.07563,1.07163,1.07172,0,0,0,0,0,0,0
1699308000,1.07172,1.0722099999999999,1.0664,1.06997,0,0,0,0,0,0,0
1699394400,1.06997,1.0715999999999999,1.06592,1.0709,0,0,0,0,0,0,0
1699480800,1.0709,1.07255,1.06601,1.06673,0,0,0,0,0,0,0
1699567200,1.06673,1.06928,1.06561,1.06842,0,0,0,0,0,0,0
1699826400,1.0683,1.07062,1.0665,1.06986,0,0,0,0,0,0,0
1699912800,1.06986,1.08874,1.06928,1.08787,0,0,0,0,0,0,0
1699999200,1.08787,1.0885799999999999,1.08315,1.08464,0,0,0,0,0,0,0
1700085600,1.08464,1.08956,1.08299,1.08519,0,0,0,0,0,0,0
1700172000,1.08519,1.09139,1.08246,1.09088,0,0,0,0,0,0,0
1700431200,1.09089,1.09518,1.08974,1.09401,0,0,0,0,0,0,0
1700517600,1.09401,1.09652,1.08999,1.09108,0,0,0,0,0,0,0
1700604000,1.09108,1.09229,1.08522,1.08882,0,0,0,0,0,0,0
1700690400,1.08882,1.09306,1.08821,1.0902,0,0,0,0,0,0,0
1700776800,1.0902,1.09487,1.0895,1.09328,0,0,0,0,0,0,0
1701036000,1.09432,1.09591,1.09248,1.09535,0,0,0,0,0,0,0
1701122400,1.09535,1.10089,1.09344,1.09926,0,0,0,0,0,0,0
1701208800,1.09926,1.10171,1.096,1.09692,0,0,0,0,0,0,0
1701295200,1.09692,1.09839,1.08792,1.08851,0,0,0,0,0,0,0
1701381600,1.08851,1.09127,1.08286,1.08789,0,0,0,0,0,0,0
1701640800,1.08745,1.08949,1.08039,1.08358,0,0,0,0,0,0,0
1701727200,1.08358,1.0847499999999999,1.07781,1.0796,0,0,0,0,0,0,0
1701813600,1.0796,1.08047,1.07586,1.07641,0,0,0,0,0,0,0
1701900000,1.07641,1.08177,1.0755,1.07935,0,0,0,0,0,0,0
1701986400,1.07935,1.08007,1.0723799999999999,1.07588,0,0,0,0,0,0,0
1702245600,1.07585,1.0779,1.07415,1.07645,0,0,0,0,0,0,0
1702332000,1.07645,1.08277,1.07582,1.07941,0,0,0,0,0,0,0
1702418400,1.07941,1.08966,1.0773,1.08739,0,0,0,0,0,0,0
1702504800,1.08739,1.10093,1.08698,1.0992,0,0,0,0,0,0,0
1702591200,1.0992,1.10037,1.08884,1.08937,0,0,0,0,0,0,0
1702850400,1.08968,1.09312,1.08918,1.09235,0,0,0,0,0,0,0
1702936800,1.09235,1.09874,1.09116,1.0980699999999999,0,0,0,0,0,0,0
1703023200,1.0980699999999999,1.09835,1.09296,1.09392,0,0,0,0,0,0,0
1703109600,1.09392,1.10126,1.09352,1.10107,0,0,0,0,0,0,0
1703196000,1.10107,1.10401,1.09936,1.1014,0,0,0,0,0,0,0
1703455200,1.1018999999999999,1.1018999999999999,1.1005,1.10073,0,0,0,0,0,0,0
1703541600,1.10073,1.1045099999999999,1.10073,1.10419,0,0,0,0,0,0,0
1703628000,1.10419,1.11227,1.10284,1.1105,0,0,0,0,0,0,0
1703714400,1.1105,1.11393,1.10552,1.10612,0,0,0,0,0,0,0
1703800800,1.10612,1.10842,1.10339,1.10375,0,0,0,0,0,0,0
1704060000,1.10368,1.10368,1.10367,1.10368,0,0,0,0,0,0,0
1704146400,1.10368,1.10388,1.09381,1.09391,0,0,0,0,0,0,0
1704232800,1.09391,1.09654,1.08926,1.0921399999999999,0,0,0,0,0,0,0
1704319200,1.0921399999999999,1.09722,1.09141,1.09444,0,0,0,0,0,0,0
1704405600,1.09444,1.09984,1.08767,1.09409,0,0,0,0,0,0,0
1704664800,1.09432,1.09788,1.09226,1.09503,0,0,0,0,0,0,0
1704751200,1.09503,1.09664,1.09101,1.09307,0,0,0,0,0,0,0
1704837600,1.09307,1.09729,1.09228,1.09724,0,0,0,0,0,0,0
1704924000,1.09724,1.09994,1.0930199999999999,1.0972,0,0,0,0,0,0,0
1705010400,1.0972,1.0986799999999999,1.09359,1.0948499999999999,0,0,0,0,0,0,0
1705269600,1.09499,1.09674,1.09334,1.09481,0,0,0,0,0,0,0
1705356000,1.09481,1.09511,1.08617,1.08751,0,0,0,0,0,0,0
1705442400,1.08751,1.08844,1.08444,1.08823,0,0,0,0,0,0,0
1705528800,1.08823,1.09067,1.08466,1.08761,0,0,0,0,0,0,0
1705615200,1.08761,1.0897999999999999,1.08657,1.08971,0,0,0,0,0,0,0
1705874400,1.08894,1.09094,1.08799,1.08825,0,0,0,0,0,0,0
1705960800,1.08825,1.09162,1.08215,1.08533,0,0,0,0,0,0,0
1706047200,1.08533,1.09323,1.08441,1.08846,0,0,0,0,0,0,0
1706133600,1.08846,1.09017,1.08215,1.08461,0,0,0,0,0,0,0
1706220000,1.08461,1.08856,1.08128,1.08531,0,0,0,0,0,0,0
1706479200,1.08405,1.08501,1.07958,1.08311,0,0,0,0,0,0,0
1706565600,1.08311,1.08574,1.08119,1.08454,0,0,0,0,0,0,0
1706652000,1.08454,1.0887499999999999,1.07947,1.0818,0,0,0,0,0,0,0
1706738400,1.0818,1.08748,1.07798,1.08715,0,0,0,0,0,0,0
1706824800,1.08715,1.08975,1.0780399999999999,1.07864,0,0,0,0,0,0,0
1707084000,1.0782,1.0786499999999999,1.07231,1.07423,0,0,0,0,0,0,0
1707170400,1.07423,1.07623,1.07225,1.07542,0,0,0,0,0,0,0
1707256800,1.07542,1.07839,1.07487,1.0772,0,0,0,0,0,0,0
1707343200,1.0772,1.07888,1.07414,1.07775,0,0,0,0,0,0,0
1707429600,1.07775,1.07955,1.0762099999999999,1.0783,0,0,0,0,0,0,0
1707688800,1.07776,1.08055,1.07558,1.0772,0,0,0,0,0,0,0
1707775200,1.0772,1.07946,1.0700399999999999,1.07085,0,0,0,0,0,0,0
1707861600,1.07085,1.07344,1.06949,1.07274,0,0,0,0,0,0,0
1707948000,1.07274,1.0784799999999999,1.07235,1.07724,0,0,0,0,0,0,0
1708034400,1.07724,1.07874,1.0732,1.0774299999999999,0,0,0,0,0,0,0
1708293600,1.0772,1.07894,1.07619,1.07769,0,0,0,0,0,0,0
1708380000,1.07769,1.08387,1.07615,1.08075,0,0,0,0,0,0,0
1708466400,1.08075,1.08244,1.07899,1.08189,0,0,0,0,0,0,0
1708552800,1.08189,1.08883,1.08027,1.08226,0,0,0,0,0,0,0
1708639200,1.08226,1.08395,1.08118,1.08175,0,0,0,0,0,0,0
1708898400,1.08319,1.0859699999999999,1.0812599999999999,1.0851,0,0,0,0,0,0,0
1708984800,1.0851,1.08659,1.08329,1.08441,0,0,0,0,0,0,0
1709071200,1.08441,1.08462,1.07965,1.08382,0,0,0,0,0,0,0
1709157600,1.08382,1.08558,1.07958,1.08052,0,0,0,0,0,0,0
1709244000,1.08052,1.08432,1.07977,1.08374,0,0,0,0,0,0,0
1709503200,1.08345,1.08667,1.08345,1.08555,0,0,0,0,0,0,0
1709589600,1.08555,1.08761,1.08401,1.08565,0,0,0,0,0,0,0
1709676000,1.08565,1.09154,1.0842,1.08985,0,0,0,0,0,0,0
1709762400,1.08985,1.09492,1.08677,1.0948,0,0,0,0,0,0,0
1709848800,1.0948,1.09812,1.09178,1.09343,0,0,0,0,0,0,0
1710104400,1.09426,1.09481,1.09145,1.09257,0,0,0,0,0,0,0
1710190800,1.09257,1.09438,1.09022,1.09266,0,0,0,0,0,0,0
1710277200,1.09266,1.09638,1.09199,1.09475,0,0,0,0,0,0,0
1710363600,1.09475,1.09547,1.08806,1.0883,0,0,0,0,0,0,0
1710450000,1.0883,1.0899699999999999,1.08728,1.0887499999999999,0,0,0,0,0,0,0
1710709200,1.08901,1.09061,1.0866,1.08722,0,0,0,0,0,0,0
1710795600,1.08722,1.08766,1.08346,1.08656,0,0,0,0,0,0,0
1710882000,1.08656,1.09228,1.08364,1.09218,0,0,0,0,0,0,0
1710968400,1.09218,1.09425,1.08554,1.0859699999999999,0,0,0,0,0,0,0
1711054800,1.0859699999999999,1.0868,1.08017,1.08066,0,0,0,0,0,0,0
1711314000,1.08076,1.08424,1.0802,1.08372,0,0,0,0,0,0,0
1711400400,1.08372,1.08643,1.08242,1.0831,0,0,0,0,0,0,0
1711486800,1.0831,1.0839,1.08107,1.08278,0,0,0,0,0,0,0
1711573200,1.08278,1.08278,1.0775,1.07861,0,0,0,0,0,0,0
1711659600,1.07861,1.08047,1.07677,1.07894,0,0,0,0,0,0,0
1711918800,1.07843,1.0798699999999999,1.07309,1.07428,0,0,0,0,0,0,0
1712005200,1.07428,1.0779,1.07246,1.07692,0,0,0,0,0,0,0
1712091600,1.07692,1.08368,1.07639,1.08359,0,0,0,0,0,0,0
1712178000,1.08359,1.08765,1.08318,1.08368,0,0,0,0,0,0,0
1712264400,1.08368,1.08479,1.07913,1.0836,0,0,0,0,0,0,0
1712523600,1.08343,1.08622,1.08209,1.08591,0,0,0,0,0,0,0
1712610000,1.08591,1.0885,1.08476,1.08568,0,0,0,0,0,0,0
1712696400,1.08568,1.08665,1.07287,1.07423,0,0,0,0,0,0,0
1712782800,1.07423,1.07564,1.0699,1.07259,0,0,0,0,0,0,0
1712869200,1.07259,1.07293,1.06224,1.06384,0,0,0,0,0,0,0
1713128400,1.06337,1.06652,1.06202,1.06241,0,0,0,0,0,0,0
1713214800,1.06241,1.06536,1.0601099999999999,1.06186,0,0,0,0,0,0,0
1713301200,1.06186,1.06795,1.06059,1.06727,0,0,0,0,0,0,0
1713387600,1.06727,1.069,1.06413,1.06432,0,0,0,0,0,0,0
1713474000,1.06432,1.06776,1.06104,1.06521,0,0,0,0,0,0,0
1713733200,1.0657,1.06707,1.06239,1.06539,0,0,0,0,0,0,0
1713819600,1.06539,1.07113,1.06385,1.07011,0,0,0,0,0,0,0
1713906000,1.07011,1.07142,1.0678,1.06987,0,0,0,0,0,0,0
1713992400,1.06987,1.0740399999999999,1.06782,1.07298,0,0,0,0,0,0,0
1714078800,1.07298,1.07528,1.06739,1.06909,0,0,0,0,0,0,0
1714338000,1.06926,1.07337,1.06901,1.07208,0,0,0,0,0,0,0
1714424400,1.07208,1.07354,1.06646,1.06654,0,0,0,0,0,0,0
1714510800,1.06654,1.07328,1.06494,1.0712,0,0,0,0,0,0,0
1714597200,1.0712,1.07302,1.06741,1.07252,0,0,0,0,0,0,0
1714683600,1.07252,1.08122,1.07222,1.07583,0,0,0,0,0,0,0
1714942800,1.0758,1.07908,1.07552,1.07677,0,0,0,0,0,0,0
1715029200,1.07677,1.07873,1.07478,1.07544,0,0,0,0,0,0,0
1715115600,1.07544,1.07574,1.0735,1.07481,0,0,0,0,0,0,0
1715202000,1.07481,1.07845,1.07239,1.07818,0,0,0,0,0,0,0
1715288400,1.07818,1.07901,1.07603,1.07673,0,0,0,0,0,0,0
1715547600,1.0768199999999999,1.08068,1.07657,1.07895,0,0,0,0,0,0,0
1715634000,1.07895,1.08256,1.0766499999999999,1.08191,0,0,0,0,0,0,0
1715720400,1.08191,1.0886,1.08129,1.08841,0,0,0,0,0,0,0
1715806800,1.08841,1.08949,1.08544,1.08669,0,0,0,0,0,0,0
1715893200,1.08669,1.08785,1.08356,1.0867,0,0,0,0,0,0,0
1716152400,1.0865799999999999,1.08845,1.0854,1.08566,0,0,0,0,0,0,0
1716238800,1.08566,1.08747,1.08425,1.08538,0,0,0,0,0,0,0
1716325200,1.08538,1.08634,1.08174,1.08225,0,0,0,0,0,0,0
1716411600,1.08225,1.08611,1.08047,1.08147,0,0,0,0,0,0,0
1716498000,1.08147,1.08578,1.08054,1.08459,0,0,0,0,0,0,0
1716757200,1.08462,1.08674,1.08406,1.08572,0,0,0,0,0,0,0
1716843600,1.08572,1.0889,1.08501,1.08567,0,0,0,0,0,0,0
1716930000,1.08567,1.08612,1.07998,1.08008,0,0,0,0,0,0,0
1717016400,1.08008,1.08451,1.07882,1.08319,0,0,0,0,0,0,0
1717102800,1.08319,1.08823,1.08112,1.0847499999999999,0,0,0,0,0,0,0
1717362000,1.08443,1.09047,1.08278,1.09042,0,0,0,0,0,0,0
1717448400,1.09042,1.0916,1.08588,1.08789,0,0,0,0,0,0,0
1717534800,1.08789,1.08915,1.08543,1.08684,0,0,0,0,0,0,0
1717621200,1.08684,1.0902,1.08619,1.0887499999999999,0,0,0,0,0,0,0
1717707600,1.0887499999999999,1.09018,1.07976,1.07976,0,0,0,0,0,0,0
1717966800,1.0774,1.07816,1.0732599999999999,1.07651,0,0,0,0,0,0,0
1718053200,1.07651,1.07734,1.07194,1.0740399999999999,0,0,0,0,0,0,0
1718139600,1.0740399999999999,1.08522,1.07346,1.08085,0,0,0,0,0,0,0
1718226000,1.08085,1.08164,1.07328,1.07371,0,0,0,0,0,0,0
1718312400,1.07371,1.0744799999999999,1.06675,1.07023,0,0,0,0,0,0,0
1718571600,1.07014,1.07378,1.06862,1.0734,0,0,0,0,0,0,0
1718658000,1.0734,1.07615,1.0709899999999999,1.07395,0,0,0,0,0,0,0
1718744400,1.07395,1.07535,1.07247,1.07412,0,0,0,0,0,0,0
1718830800,1.07412,1.07486,1.07014,1.07015,0,0,0,0,0,0,0
1718917200,1.07015,1.07205,1.06709,1.0691,0,0,0,0,0,0,0
1719176400,1.06798,1.07464,1.06798,1.0732,0,0,0,0,0,0,0
1719262800,1.0732,1.07442,1.06904,1.07138,0,0,0,0,0,0,0
1719349200,1.07138,1.07179,1.0666,1.0680399999999999,0,0,0,0,0,0,0
1719435600,1.0680399999999999,1.07264,1.06763,1.07035,0,0,0,0,0,0,0
1719522000,1.07035,1.07247,1.06852,1.07108,0,0,0,0,0,0,0
1719781200,1.07432,1.07764,1.07194,1.07402,0,0,0,0,0,0,0
1719867600,1.07402,1.07472,1.0709899999999999,1.0745,0,0,0,0,0,0,0
1719954000,1.0745,1.08168,1.0735999999999999,1.07841,0,0,0,0,0,0,0
1720040400,1.07841,1.08138,1.07815,1.08106,0,0,0,0,0,0,0
1720126800,1.08106,1.08426,1.07945,1.08382,0,0,0,0,0,0,0
1720386000,1.08004,1.08451,1.07991,1.08237,0,0,0,0,0,0,0
1720472400,1.08237,1.08334,1.08054,1.08135,0,0,0,0,0,0,0
1720558800,1.08135,1.08305,1.08103,1.08298,0,0,0,0,0,0,0
1720645200,1.08298,1.09,1.08249,1.08676,0,0,0,0,0,0,0
1720731600,1.08676,1.09113,1.08617,1.09043,0,0,0,0,0,0,0
1720990800,1.08826,1.09223,1.08806,1.08938,0,0,0,0,0,0,0
1721077200,1.08938,1.09054,1.08715,1.08992,0,0,0,0,0,0,0
1721163600,1.08992,1.0948,1.0895,1.09389,0,0,0,0,0,0,0
1721250000,1.09389,1.0941,1.08935,1.08964,0,0,0,0,0,0,0
1721336400,1.08964,1.09017,1.08756,1.0881,0,0,0,0,0,0,0
1721595600,1.08866,1.09028,1.0873,1.08907,0,0,0,0,0,0,0
1721682000,1.08907,1.08967,1.08437,1.08538,0,0,0,0,0,0,0
1721768400,1.08538,1.08665,1.08256,1.0839699999999999,0,0,0,0,0,0,0
1721854800,1.0839699999999999,1.087,1.08282,1.08456,0,0,0,0,0,0,0
1721941200,1.08456,1.08681,1.0842,1.08545,0,0,0,0,0,0,0
1722200400,1.08556,1.08699,1.08027,1.08206,0,0,0,0,0,0,0
1722286800,1.08206,1.08358,1.07981,1.0815,0,0,0,0,0,0,0
1722373200,1.0815,1.08493,1.08017,1.08256,0,0,0,0,0,0,0
1722459600,1.08256,1.08354,1.07774,1.07911,0,0,0,0,0,0,0
1722546000,1.07911,1.09266,1.07817,1.09085,0,0,0,0,0,0,0
1722805200,1.09224,1.10089,1.08926,1.09524,0,0,0,0,0,0,0
1722891600,1.09524,1.09631,1.09035,1.09296,0,0,0,0,0,0,0
1722978000,1.09296,1.09366,1.09052,1.09213,0,0,0,0,0,0,0
1723064400,1.09213,1.09452,1.08813,1.09186,0,0,0,0,0,0,0
1723150800,1.09186,1.09313,1.0909,1.09145,0,0,0,0,0,0,0
1723410000,1.09109,1.09393,1.09099,1.09313,0,0,0,0,0,0,0
1723496400,1.09313,1.09996,1.09137,1.09936,0,0,0,0,0,0,0
1723582800,1.09936,1.10474,1.09815,1.10122,0,0,0,0,0,0,0
1723669200,1.10122,1.10155,1.09495,1.09722,0,0,0,0,0,0,0
1723755600,1.09722,1.10294,1.0968499999999999,1.10265,0,0,0,0,0,0,0
1724014800,1.10255,1.10864,1.10227,1.10849,0,0,0,0,0,0,0
1724101200,1.10849,1.11304,1.10717,1.1129499999999999,0,0,0,0,0,0,0
1724187600,1.1129499999999999,1.11741,1.10989,1.11493,0,0,0,0,0,0,0
1724274000,1.11493,1.11648,1.10981,1.1112,0,0,0,0,0,0,0
1724360400,1.1112,1.12009,1.11053,1.1189,0,0,0,0,0,0,0
1724619600,1.11867,1.12016,1.11499,1.11609,0,0,0,0,0,0,0
1724706000,1.11609,1.11906,1.11498,1.11841,0,0,0,0,0,0,0
1724792400,1.11841,1.11849,1.11049,1.11195,0,0,0,0,0,0,0
1724878800,1.11195,1.11398,1.10555,1.10774,0,0,0,0,0,0,0
1724965200,1.10774,1.1095,1.10425,1.10453,0,0,0,0,0,0,0
1725224400,1.10448,1.10774,1.10409,1.10696,0,0,0,0,0,0,0
1725310800,1.10696,1.10728,1.10263,1.10431,0,0,0,0,0,0,0
1725397200,1.10431,1.10951,1.10362,1.1082,0,0,0,0,0,0,0
1725483600,1.1082,1.11197,1.1074599999999999,1.11102,0,0,0,0,0,0,0
1725570000,1.11102,1.11554,1.10655,1.10835,0,0,0,0,0,0,0
1725829200,1.10832,1.1091,1.10335,1.10348,0,0,0,0,0,0,0
1725915600,1.10348,1.10496,1.10151,1.10194,0,0,0,0,0,0,0
1726002000,1.10194,1.10548,1.10019,1.10119,0,0,0,0,0,0,0
1726088400,1.10119,1.10751,1.10054,1.10743,0,0,0,0,0,0,0
1726174800,1.10743,1.11019,1.10703,1.10719,0,0,0,0,0,0,0
1726434000,1.10762,1.11376,1.10742,1.11326,0,0,0,0,0,0,0
1726520400,1.11323,1.1146,1.1110200000000001,1.11132,0,0,0,0,0,0,0
1726606800,1.11132,1.11888,1.1096300000000001,1.11184,0,0,0,0,0,0,0
1726693200,1.11184,1.11786,1.1068,1.11611,0,0,0,0,0,0,0
1726779600,1.11611,1.11815,1.11357,1.11598,0,0,0,0,0,0,0
1727038800,1.11561,1.1167,1.10828,1.11108,0,0,0,0,0,0,0
1727125200,1.11108,1.11804,1.1103,1.11791,0,0,0,0,0,0,0
1727211600,1.11791,1.12138,1.11212,1.11322,0,0,0,0,0,0,0
1727298000,1.11322,1.11889,1.11253,1.11764,0,0,0,0,0,0,0
1727384400,1.11764,1.12027,1.11242,1.11593,0,0,0,0,0,0,0
1727643600,1.115,1.12087,1.11132,1.11345,0,0,0,0,0,0,0
1727730000,1.11345,1.11437,1.10454,1.1067500000000001,0,0,0,0,0,0,0
1727816400,1.1067500000000001,1.10826,1.10322,1.10443,0,0,0,0,0,0,0
1727902800,1.10443,1.10489,1.10079,1.10298,0,0,0,0,0,0,0
1727989200,1.10298,1.10393,1.0950900000000001,1.09717,0,0,0,0,0,0,0
1728248400,1.09621,1.09865,1.09539,1.09739,0,0,0,0,0,0,0
1728334800,1.09739,1.09969,1.09606,1.0979700000000001,0,0,0,0,0,0,0
1728421200,1.0979700000000001,1.09807,1.09358,1.09388,0,0,0,0,0,0,0
1728507600,1.09388,1.09546,1.08996,1.09362,0,0,0,0,0,0,0
1728594000,1.09362,1.09534,1.09257,1.09355,0,0,0,0,0,0,0
1728853200,1.09313,1.09364,1.08878,1.0908200000000001,0,0,0,0,0,0,0
1728939600,1.0908200000000001,1.09165,1.08815,1.08904,0,0,0,0,0,0,0
1729026000,1.08904,1.09011,1.08528,1.08616,0,0,0,0,0,0,0
1729112400,1.08616,1.08732,1.08107,1.08308,0,0,0,0,0,0,0
1729198800,1.08308,1.08691,1.08249,1.08652,0,0,0,0,0,0,0
1729458000,1.08599,1.08713,1.08107,1.08146,0,0,0,0,0,0,0
1729544400,1.08146,1.0837700000000001,1.07923,1.07962,0,0,0,0,0,0,0
1729630800,1.07962,1.08064,1.07608,1.07815,0,0,0,0,0,0,0
1729717200,1.07815,1.08295,1.07701,1.08272,0,0,0,0,0,0,0
1729803600,1.08272,1.0839,1.07909,1.07936,0,0,0,0,0,0,0
1730062800,1.07917,1.08273,1.07817,1.08117,0,0,0,0,0,0,0
1730149200,1.08117,1.0826,1.07686,1.08179,0,0,0,0,0,0,0
1730235600,1.08179,1.0871,1.08075,1.08553,0,0,0,0,0,0,0
1730322000,1.08553,1.08879,1.0843800000000001,1.08831,0,0,0,0,0,0,0
1730408400,1.08831,1.09054,1.08301,1.0831600000000001,0,0,0,0,0,0,0
1730671200,1.08747,1.09144,1.08695,1.08768,0,0,0,0,0,0,0
1730757600,1.08768,1.09362,1.08721,1.09293,0,0,0,0,0,0,0
1730844000,1.09293,1.09367,1.06822,1.0728,0,0,0,0,0,0,0
1730930400,1.0728,1.08243,1.07124,1.08024,0,0,0,0,0,0,0
1731016800,1.08024,1.08044,1.06866,1.07174,0,0,0,0,0,0,0
1731276000,1.07058,1.07275,1.06284,1.0649,0,0,0,0,0,0,0
1731362400,1.0649,1.06627,1.05946,1.0622800000000001,0,0,0,0,0,0,0
1731448800,1.0622800000000001,1.06534,1.05555,1.05622,0,0,0,0,0,0,0
1731535200,1.05622,1.05822,1.04958,1.05292,0,0,0,0,0,0,0
1731621600,1.05292,1.05926,1.0516,1.05381,0,0,0,0,0,0,0
1731880800,1.05273,1.06068,1.05272,1.05975,0,0,0,0,0,0,0
1731967200,1.05975,1.06008,1.05227,1.05945,0,0,0,0,0,0,0
1732053600,1.05945,1.06095,1.05064,1.05432,0,0,0,0,0,0,0
1732140000,1.05432,1.05546,1.04617,1.04737,0,0,0,0,0,0,0
1732226400,1.04737,1.04976,1.03314,1.04144,0,0,0,0,0,0,0
1732485600,1.048,1.05301,1.04485,1.04948,0,0,0,0,0,0,0
1732572000,1.04948,1.05444,1.04249,1.04878,0,0,0,0,0,0,0
1732658400,1.04878,1.05874,1.0474,1.05654,0,0,0,0,0,0,0
1732744800,1.05654,1.05693,1.05271,1.05518,0,0,0,0,0,0,0
1732831200,1.05518,1.05968,1.0541,1.05741,0,0,0,0,0,0,0
1733090400,1.0564500000000001,1.05682,1.04601,1.04971,0,0,0,0,0,0,0
1733176800,1.04971,1.05347,1.04801,1.05047,0,0,0,0,0,0,0
1733263200,1.05047,1.05438,1.04719,1.05099,0,0,0,0,0,0,0
1733349600,1.05099,1.05893,1.05055,1.05857,0,0,0,0,0,0,0
1733436000,1.05857,1.06293,1.05419,1.05664,0,0,0,0,0,0,0
1733695200,1.05541,1.05941,1.05317,1.05527,0,0,0,0,0,0,0
1733781600,1.05527,1.0567900000000001,1.04981,1.05268,0,0,0,0,0,0,0
1733868000,1.05268,1.0539,1.04798,1.0495,0,0,0,0,0,0,0
1733954400,1.0495,1.05306,1.04633,1.04661,0,0,0,0,0,0,0
1734040800,1.04661,1.05238,1.04529,1.04982,0,0,0,0,0,0,0
1734300000,1.04854,1.05245,1.04743,1.05103,0,0,0,0,0,0,0
1734386400,1.05103,1.0534000000000001,1.04787,1.04901,0,0,0,0,0,0,0
1734472800,1.04901,1.05125,1.03433,1.03515,0,0,0,0,0,0,0
1734559200,1.03515,1.0422,1.0347,1.0358,0,0,0,0,0,0,0
1734645600,1.0358,1.04471,1.0342500000000001,1.04292,0,0,0,0,0,0,0
1734904800,1.04266,1.0445,1.03839,1.04045,0,0,0,0,0,0,0
1734991200,1.04045,1.04096,1.03831,1.03912,0,0,0,0,0,0,0
1735164000,1.03912,1.04298,1.03901,1.04203,0,0,0,0,0,0,0
1735250400,1.04203,1.04438,1.04046,1.04205,0,0,0,0,0,0,0
1735509600,1.0423,1.04581,1.03713,1.04063,0,0,0,0,0,0,0
1735596000,1.04063,1.04241,1.03434,1.03549,0,0,0,0,0,0,0
1735768800,1.03549,1.03721,1.02225,1.0261,0,0,0,0,0,0,0
1735855200,1.0261,1.03096,1.02568,1.03079,0,0,0,0,0,0,0
1736114400,1.03017,1.04365,1.02941,1.03893,0,0,0,0,0,0,0
1736200800,1.03893,1.04341,1.03391,1.03394,0,0,0,0,0,0,0
1736287200,1.03394,1.03573,1.02727,1.0318,0,0,0,0,0,0,0
1736373600,1.0318,1.03211,1.0283200000000001,1.02986,0,0,0,0,0,0,0
1736460000,1.02986,1.03117,1.02111,1.0239800000000001,0,0,0,0,0,0,0
1736719200,1.02355,1.02497,1.01766,1.02441,0,0,0,0,0,0,0
1736805600,1.02441,1.03082,1.0238,1.03072,0,0,0,0,0,0,0
1736892000,1.03072,1.03541,1.02582,1.02885,0,0,0,0,0,0,0
1736978400,1.02885,1.03148,1.02599,1.02962,0,0,0,0,0,0,0
1737064800,1.02962,1.03304,1.02648,1.02669,0,0,0,0,0,0,0
1737324000,1.02792,1.04342,1.0265900000000001,1.04159,0,0,0,0,0,0,0
1737410400,1.04159,1.0435,1.03413,1.0424200000000001,0,0,0,0,0,0,0
1737496800,1.0424200000000001,1.04571,1.03916,1.04081,0,0,0,0,0,0,0
1737583200,1.04081,1.04376,1.03713,1.04148,0,0,0,0,0,0,0
1737669600,1.04148,1.05211,1.04112,1.04918,0,0,0,0,0,0,0
1737928800,1.04742,1.05329,1.04534,1.04914,0,0,0,0,0,0,0
1738015200,1.04914,1.04924,1.04133,1.04299,0,0,0,0,0,0,0
1738101600,1.04299,1.04433,1.03819,1.04207,0,0,0,0,0,0,0
1738188000,1.04207,1.04672,1.03857,1.03891,0,0,0,0,0,0,0
1738274400,1.03891,1.04336,1.03495,1.0356,0,0,0,0,0,0,0
1738533600,1.02325,1.03496,1.02098,1.03432,0,0,0,0,0,0,0
1738620000,1.03432,1.03873,1.02713,1.03778,0,0,0,0,0,0,0
1738706400,1.03778,1.04423,1.03694,1.04023,0,0,0,0,0,0,0
1738792800,1.04023,1.04051,1.03521,1.03826,0,0,0,0,0,0,0
1738879200,1.03826,1.04109,1.03044,1.03254,0,0,0,0,0,0,0
1739138400,1.02863,1.03361,1.02821,1.03063,0,0,0,0,0,0,0
1739224800,1.03063,1.03812,1.02917,1.03607,0,0,0,0,0,0,0
1739311200,1.03607,1.04295,1.03165,1.03818,0,0,0,0,0,0,0
1739397600,1.03818,1.04671,1.03725,1.0463500000000001,0,0,0,0,0,0,0
1739484000,1.0463500000000001,1.05139,1.04467,1.0487,0,0,0,0,0,0,0
1739743200,1.04832,1.0506,1.04666,1.04836,0,0,0,0,0,0,0
1739829600,1.04836,1.0486,1.0434700000000001,1.04455,0,0,0,0,0,0,0
1739916000,1.04455,1.0461,1.04004,1.04221,0,0,0,0,0,0,0
1740002400,1.04221,1.05031,1.04182,1.05007,0,0,0,0,0,0,0
1740088800,1.05007,1.05053,1.04491,1.04561,0,0,0,0,0,0,0
1740348000,1.04695,1.05279,1.04524,1.04672,0,0,0,0,0,0,0
1740434400,1.04672,1.0519,1.04559,1.05125,0,0,0,0,0,0,0
1740520800,1.05125,1.05284,1.04746,1.04838,0,0,0,0,0,0,0
1740607200,1.04838,1.04922,1.03998,1.04009,0,0,0,0,0,0,0